{
  "ie": {
    "6": 0,
    "7": 0.000056107654879570524,
    "8": 0,
    "9": 0.0011221530975914105,
    "10": 0.0001683229646387116,
    "11": 0.0063401650013914694,
    "5.5": 0
  },
  "edge": {
    "12": 0.0005610765487957053,
    "13": 0.0002244306195182821,
    "14": 0,
    "15": 0.0015710143366279748,
    "16": 0.0013465837171096927,
    "17": 0.015205174472363614,
    "18": 0.7066759132081909,
    "79": 0.000056107654879570524,
    "80": 0.0005049688939161348,
    "81": 0.014139129029651774,
    "83": 0.005049688939161348,
    "84": 1.790339159552216,
    "85": 3.211938811235895,
    "86": 2.607883798802438
  },
  "firefox": {
    "2": 0,
    "3": 0,
    "4": 0,
    "5": 0,
    "6": 0,
    "7": 0,
    "8": 0,
    "9": 0,
    "10": 0,
    "11": 0,
    "12": 0,
    "13": 0,
    "14": 0,
    "15": 0,
    "16": 0,
    "17": 0,
    "18": 0,
    "19": 0,
    "20": 0,
    "21": 0,
    "22": 0,
    "23": 0,
    "24": 0,
    "25": 0,
    "26": 0,
    "27": 0,
    "28": 0,
    "29": 0,
    "30": 0,
    "31": 0,
    "32": 0,
    "33": 0,
    "34": 0,
    "35": 0,
    "36": 0,
    "37": 0,
    "38": 0.002300413850062392,
    "39": 0,
    "40": 0.0005610765487957053,
    "41": 0,
    "42": 0,
    "43": 0.0010660454427118401,
    "44": 0.008191717612417297,
    "45": 0.003310351637894661,
    "46": 0.0004488612390365642,
    "47": 0.00011221530975914105,
    "48": 0.0003927535841569937,
    "49": 0.00011221530975914105,
    "50": 0.0002244306195182821,
    "51": 0,
    "52": 0.002749275089098956,
    "53": 0.00028053827439785263,
    "54": 0.0002244306195182821,
    "55": 0.0002244306195182821,
    "56": 0.0034786746025333728,
    "57": 0.0002244306195182821,
    "58": 0.000056107654879570524,
    "59": 0.0004488612390365642,
    "60": 0.0015710143366279748,
    "61": 0.000953830132952699,
    "62": 0.0002244306195182821,
    "63": 0.000056107654879570524,
    "64": 0.00028053827439785263,
    "65": 0.0010660454427118401,
    "66": 0.002019875575664539,
    "67": 0.00011221530975914105,
    "68": 0.06171842036752759,
    "69": 0.0007293995134344169,
    "70": 0.0008977224780731284,
    "71": 0.0015149066817484044,
    "72": 0.005498550178197912,
    "73": 0.0012343684073505517,
    "74": 0.002861490398858097,
    "75": 0.0035347822574129436,
    "76": 0.022106416022550788,
    "77": 0.031925255626475635,
    "78": 0.043034571292630594,
    "79": 1.5256793514852818,
    "80": 1.896663165549002,
    "81": 2.47833122368551,
    "82": 0.9087195784295242,
    "83": 0.0034786746025333728,
    "84": 0.0003366459292774232,
    "3.5": 0,
    "3.6": 0
  },
  "chrome": {
    "4": 0,
    "5": 0,
    "6": 0,
    "7": 0,
    "8": 0,
    "9": 0,
    "10": 0,
    "11": 0,
    "12": 0,
    "13": 0,
    "14": 0,
    "15": 0,
    "16": 0,
    "17": 0,
    "18": 0,
    "19": 0,
    "20": 0,
    "21": 0,
    "22": 0,
    "23": 0,
    "24": 0,
    "25": 0,
    "26": 0,
    "27": 0,
    "28": 0,
    "29": 0.000056107654879570524,
    "30": 0,
    "31": 0,
    "32": 0,
    "33": 0,
    "34": 0,
    "35": 0,
    "36": 0,
    "37": 0.0002244306195182821,
    "38": 0,
    "39": 0,
    "40": 0,
    "41": 0,
    "42": 0,
    "43": 0,
    "44": 0,
    "45": 0.0003366459292774232,
    "46": 0.0004488612390365642,
    "47": 0.0028053827439785267,
    "48": 0.021713662438393795,
    "49": 0.012455899383264659,
    "50": 0.00011221530975914105,
    "51": 0.000056107654879570524,
    "52": 0,
    "53": 0.017673911287064716,
    "54": 0.0011221530975914105,
    "55": 0.0015710143366279748,
    "56": 0.0002244306195182821,
    "57": 0.0006732918585548464,
    "58": 0.030578671909365942,
    "59": 0.0006171842036752759,
    "60": 0.0010099377878322695,
    "61": 0.0030298133634968087,
    "62": 0.031364179077679924,
    "63": 0.03310351637894661,
    "64": 0.00751842575386245,
    "65": 0.0053302272135592,
    "66": 0.001907660265905398,
    "67": 0.001963767920784968,
    "68": 0.0026931674342193855,
    "69": 0.013297514206458215,
    "70": 0.18089107933173537,
    "71": 0.007293995134344169,
    "72": 0.013129191241819506,
    "73": 0.016439542879714168,
    "74": 0.057566453906439365,
    "75": 0.012624222347903368,
    "76": 0.0717616905909707,
    "77": 0.019749894517608828,
    "78": 0.049823597533058636,
    "79": 0.3404051421543544,
    "80": 0.10688508254558186,
    "81": 0.13258238848042517,
    "83": 0.36161383569883204,
    "84": 16.70672753225068,
    "85": 24.24108786009893,
    "86": 19.47541586993797,
    "87": 0.15334222078586626,
    "88": 0.1361171707378381,
    "89": 0
  },
  "safari": {
    "4": 0,
    "5": 0,
    "6": 0,
    "7": 0,
    "8": 0.000056107654879570524,
    "9": 0.002861490398858097,
    "10": 0.0003927535841569937,
    "11": 0.0002244306195182821,
    "12": 0.009931054913683984,
    "13": 0.04314678660238974,
    "14": 0.3828786368981893,
    "3.1": 0,
    "3.2": 0,
    "5.1": 0,
    "6.1": 0,
    "7.1": 0.000056107654879570524,
    "9.1": 0,
    "10.1": 0.0020759832305441094,
    "11.1": 0.004544720045245213,
    "12.1": 0.08702297271821388,
    "13.1": 0.8937388345766789,
    "TP": 0
  },
  "opera": {
    "9": 0,
    "11": 0,
    "12": 0,
    "15": 0,
    "16": 0,
    "17": 0,
    "18": 0,
    "19": 0,
    "20": 0,
    "21": 0,
    "22": 0,
    "23": 0,
    "24": 0,
    "25": 0,
    "26": 0,
    "27": 0,
    "28": 0,
    "29": 0,
    "30": 0,
    "31": 0,
    "32": 0,
    "33": 0,
    "34": 0,
    "35": 0,
    "36": 0,
    "37": 0,
    "38": 0,
    "39": 0,
    "40": 0,
    "41": 0,
    "42": 0,
    "43": 0,
    "44": 0,
    "45": 0,
    "46": 0,
    "47": 0,
    "48": 0.0012904760622301221,
    "49": 0,
    "50": 0,
    "51": 0,
    "52": 0,
    "53": 0,
    "54": 0,
    "55": 0.000056107654879570524,
    "56": 0.000056107654879570524,
    "57": 0,
    "58": 0.00011221530975914105,
    "60": 0.0002244306195182821,
    "62": 0.00028053827439785263,
    "63": 0.0005049688939161348,
    "64": 0.00011221530975914105,
    "65": 0.0010099377878322695,
    "66": 0.0007855071683139874,
    "67": 0.0011221530975914105,
    "68": 1.9504704065785103,
    "69": 0.15149066817484044,
    "70": 0.7741734220283142,
    "71": 2.8770883269146177,
    "72": 0.059474114172344765,
    "9.5-9.6": 0,
    "10.0-10.1": 0,
    "10.5": 0,
    "10.6": 0,
    "11.1": 0,
    "11.5": 0,
    "11.6": 0,
    "12.1": 0.000056107654879570524
  },
  "ios_saf": {
    "8": 0,
    "14": 1.017961182480048,
    "3.2": 0,
    "4.0-4.1": 0,
    "4.2-4.3": 0.0001683229646387116,
    "5.0-5.1": 0,
    "6.0-6.1": 0,
    "7.0-7.1": 0,
    "8.1-8.4": 0.0013465837171096927,
    "9.0-9.2": 0.04320289425726931,
    "9.3": 0,
    "10.0-10.2": 0.0017954449561462568,
    "10.3": 0.011838715179589383,
    "11.0-11.2": 0.0035908899122925136,
    "11.3-11.4": 0.021713662438393795,
    "12.0-12.1": 0.014700205578447478,
    "12.2-12.4": 0.14060578312820374,
    "13.0-13.1": 0.04651324589516397,
    "13.2": 0.020872047615200236,
    "13.3": 0.18560412234161933,
    "13.4-13.7": 2.5463337013995493
  },
  "op_mini": {
    "all": 0
  },
  "android": {
    "3": 0,
    "4": 0,
    "81": 5.621650373003689,
    "2.1": 0,
    "2.2": 0,
    "2.3": 0,
    "4.1": 0.0005610765487957053,
    "4.2-4.3": 0.000056107654879570524,
    "4.4": 0.000056107654879570524,
    "4.4.3-4.4.4": 0
  },
  "bb": {
    "7": 0,
    "10": 0
  },
  "op_mob": {
    "10": 0.006284057346511899,
    "11": 0.006284057346511899,
    "12": 0.006284057346511899,
    "59": 0.006284057346511899,
    "11.1": 0.006284057346511899,
    "11.5": 0.006284057346511899,
    "12.1": 0.006284057346511899
  },
  "and_chr": {
    "85": 4.408771197472014
  },
  "and_ff": {
    "79": 0.06373829594319212
  },
  "ie_mob": {
    "10": 0,
    "11": 0
  },
  "and_uc": {
    "12.12": 0.020479294031043243
  },
  "samsung": {
    "4": 0,
    "5.0-5.4": 0.010492131462479688,
    "6.2-6.4": 0.000841614823193558,
    "7.2-7.4": 0.003085921018376379,
    "8.2": 0.0003366459292774232,
    "9.2": 0.003759212876931225,
    "10.1": 0.000841614823193558,