{
  "ie": {
    "6": 0,
    "7": 0.00009615125746614516,
    "8": 0.00009615125746614516,
    "9": 0,
    "10": 0,
    "11": 0.00035255461070919886,
    "5.5": 0
  },
  "edge": {
    "12": 0,
    "13": 0,
    "14": 0,
    "15": 0,
    "16": 0,
    "17": 0.0007371596405737794,
    "18": 0.0006410083831076344,
    "79": 0.0008974117363506881,
    "80": 0.00580112586712409,
    "81": 0.00038460502986458064,
    "83": 0.00035255461070919886,
    "84": 0.007147243471650122,
    "85": 0.019358453169850555,
    "86": 0.0041345040710442415,
    "87": 0.004006302394422714,
    "88": 0.02682620083305449,
    "89": 2.6694794114517433,
    "90": 3.7192588404671154,
    "91": 2.7504708206573922
  },
  "firefox": {
    "2": 0.0002884537723984354,
    "3": 0.00009615125746614516,
    "4": 0,
    "5": 0,
    "6": 0.000032050419155381715,
    "7": 0,
    "8": 0,
    "9": 0,
    "10": 0,
    "11": 0,
    "12": 0.000032050419155381715,
    "13": 0,
    "14": 0,
    "15": 0,
    "16": 0,
    "17": 0,
    "18": 0,
    "19": 0,
    "20": 0,
    "21": 0,
    "22": 0,
    "23": 0,
    "24": 0,
    "25": 0,
    "26": 0,
    "27": 0,
    "28": 0,
    "29": 0,
    "30": 0,
    "31": 0,
    "32": 0,
    "33": 0,
    "34": 0,
    "35": 0,
    "36": 0,
    "37": 0.0002884537723984354,
    "38": 0,
    "39": 0,
    "40": 0.000032050419155381715,
    "41": 0,
    "42": 0,
    "43": 0,
    "44": 0,
    "45": 0,
    "46": 0,
    "47": 0,
    "48": 0.0005448571256414891,
    "49": 0,
    "50": 0,
    "51": 0.000032050419155381715,
    "52": 0.000032050419155381715,
    "53": 0,
    "54": 0,
    "55": 0,
    "56": 0.004294756166821149,
    "57": 0.0005448571256414891,
    "58": 0,
    "59": 0,
    "60": 0.0002884537723984354,
    "61": 0,
    "62": 0,
    "63": 0,
    "64": 0,
    "65": 0.0002884537723984354,
    "66": 0.00048075628733072566,
    "67": 0,
    "68": 0.0020512268259444298,
    "69": 0.00022435293408767202,
    "70": 0.000032050419155381715,
    "71": 0.00041665544901996226,
    "72": 0.0005128067064861074,
    "73": 0.00022435293408767202,
    "74": 0.0002884537723984354,
    "75": 0.00006410083831076343,
    "76": 0.001890974730167521,
    "77": 0.0006410083831076344,
    "78": 0.08858735854547506,
    "79": 0.0002884537723984354,
    "80": 0.0005448571256414891,
    "81": 0.00785235269306852,
    "82": 0.00038460502986458064,
    "83": 0.0013140671853706504,
    "84": 0.002884537723984354,
    "85": 0.03567211651993985,
    "86": 0.049902502624929325,
    "87": 1.5817202357372429,
    "88": 2.8492181620751236,
    "89": 1.4317242740900566,
    "90": 0.061472703940022126,
    "91": 0.006217781316144052,
    "3.5": 0.000032050419155381715,
    "3.6": 0.00012820167662152686
  },
  "chrome": {
    "4": 0,
    "5": 0,
    "6": 0,
    "7": 0.000032050419155381715,
    "8": 0,
    "9": 0,
    "10": 0,
    "11": 0.000032050419155381715,
    "12": 0,
    "13": 0,
    "14": 0.000032050419155381715,
    "15": 0,
    "16": 0.000032050419155381715,
    "17": 0,
    "18": 0,
    "19": 0,
    "20": 0,
    "21": 0,
    "22": 0.000032050419155381715,
    "23": 0,
    "24": 0,
    "25": 0,
    "26": 0,
    "27": 0,
    "28": 0,
    "29": 0,
    "30": 0,
    "31": 0,
    "32": 0,
    "33": 0,
    "34": 0,
    "35": 0,
    "36": 0,
    "37": 0.000032050419155381715,
    "38": 0,
    "39": 0,
    "40": 0,
    "41": 0,
    "42": 0,
    "43": 0,
    "44": 0,
    "45": 0,
    "46": 0,
    "47": 0.00009615125746614516,
    "48": 0,
    "49": 0.0001602520957769086,
    "50": 0,
    "51": 0.000032050419155381715,
    "52": 0,
    "53": 0,
    "54": 0,
    "55": 0.00035255461070919886,
    "56": 0,
    "57": 0.0005769075447968708,
    "58": 0.000673058802263016,
    "59": 0.0024358318558090103,
    "60": 0.00041665544901996226,
    "61": 0.0003205041915538172,
    "62": 0.02131352873832884,
    "63": 0.0018589243110121393,
    "64": 0.0027242856282074456,
    "65": 0.0019230251493229026,
    "66": 0.000673058802263016,
    "67": 0.00048075628733072566,
    "68": 0.0008653613171953062,
    "69": 0.00044870586817534404,
    "70": 0.0648379979513372,
    "71": 0.0012499663470598868,
    "72": 0.03804384753743809,
    "73": 0.00897411736350688,
    "74": 0.0231404026301856,
    "75": 0.005480621675570273,
    "76": 0.03285167963426625,
    "77": 0.11666352572558944,
    "78": 0.04374882214709604,
    "79": 0.1640981460755544,
    "80": 0.02637749496487915,
    "81": 0.027339007539540605,
    "83": 0.30957499862183196,
    "84": 0.022018637959747237,
    "85": 0.03813999879490424,
    "86": 0.43091788554410715,
    "87": 0.10015755986056785,
    "88": 0.2112763630722763,
    "89": 15.73768526744793,
    "90": 27.309200649726094,
    "91": 16.499010924064862,
    "92": 0.1624956251177853,
    "93": 0.10881117303252093,
    "94": 0
  },
  "safari": {
    "4": 0,
    "5": 0.00012820167662152686,
    "6": 0,
    "7": 0.00009615125746614516,
    "8": 0,
    "9": 0,
    "10": 0,
    "11": 0,
    "12": 0,
    "13": 0.008365159399554628,
    "14": 0.7544989173368409,
    "15": 0.0008974117363506881,
    "3.1": 0.000032050419155381715,
    "3.2": 0,
    "5.1": 0,
    "6.1": 0,
    "7.1": 0,
    "9.1": 0.00019230251493229032,
    "10.1": 0.00009615125746614516,
    "11.1": 0,
    "12.1": 0.005096016645705693,
    "13.1": 0.15448302032893987,
    "14.1": 0.29143446137988593,
    "TP": 0
  },
  "opera": {
    "9": 0.00006410083831076343,
    "11": 0,
    "12": 0,
    "15": 0,
    "16": 0,
    "17": 0,
    "18": 0,
    "19": 0,
    "20": 0,
    "21": 0,
    "22": 0,
    "23": 0,
    "24": 0,
    "25": 0,
    "26": 0,
    "27": 0,
    "28": 0,
    "29": 0,
    "30": 0,
    "31": 0,
    "32": 0,
    "33": 0,
    "34": 0,
    "35": 0,
    "36": 0,
    "37": 0,
    "38": 0,
    "39": 0,
    "40": 0,
    "41": 0,
    "42": 0,
    "43": 0,
    "44": 0,
    "45": 0,
    "46": 0.00009615125746614516,
    "47": 0,
    "48": 0.00019230251493229032,
    "49": 0,
    "50": 0,
    "51": 0,
    "52": 0,
    "53": 0,
    "54": 0,
    "55": 0,
    "56": 0,
    "57": 0,
    "58": 0,
    "60": 0,
    "62": 0.00019230251493229032,
    "63": 0.00012820167662152686,
    "64": 0.00012820167662152686,
    "65": 0,
    "66": 0.0011538150895937416,
    "67": 0.00035255461070919886,
    "68": 0.00041665544901996226,
    "69": 0.0001602520957769086,
    "70": 0.0002564033532430537,
    "71": 0.0018268738918567578,
    "72": 0.08724124094094902,
    "73": 3.771372822013766,
    "74": 0.25624310114727683,
    "75": 5.142746156834239,
    "76": 0.7431851193749912,
    "9.5-9.6": 0.000032050419155381715,
    "10.0-10.1": 0,
    "10.5": 0,
    "10.6": 0,
    "11.1": 0,
    "11.5": 0,
    "11.6": 0,
    "12.1": 0
  },
  "ios_saf": {
    "8": 0,
    "3.2": 0,
    "4.0-4.1": 0,
    "4.2-4.3": 0,
    "5.0-5.1": 0,
    "6.0-6.1": 0.000032050419155381715,
    "7.0-7.1": 0.00009615125746614516,
    "8.1-8.4": 0,
    "9.0-9.2": 0.0020512268259444298,
    "9.3": 0.00006410083831076343,
    "10.0-10.2": 0,
    "10.3": 0.00048075628733072566,
    "11.0-11.2": 0.0027242856282074456,
    "11.3-11.4": 0,
    "12.0-12.1": 0.000032050419155381715,
    "12.2-12.4": 0.012756066823841922,
    "13.0-13.1": 0.009390772812526841,
    "13.2": 0.007371596405737793,
    "13.3": 0.03701823412446588,
    "13.4-13.7": 0.13788090320645213,
    "14.0-14.4": 3.0659110459846595,
    "14.5-14.6": 0.9724097171742812
  },
  "op_mini": {
    "all": 0
  },
  "android": {
    "3": 0,
    "4": 0,
    "91": 2.8790250518896285,
    "2.1": 0,
    "2.2": 0,
    "2.3": 0,
    "4.1": 0.0006410083831076344,
    "4.2-4.3": 0,
    "4.4": 0.000032050419155381715,
    "4.4.3-4.4.4": 0
  },
  "bb": {
    "7": 0,
    "10": 0
  },
  "op_mob": {
    "10": 0.006730588022630161,
    "11": 0.006730588022630161,
    "12": 0.006730588022630161,
    "62": 0.006730588022630161,
    "11.1": 0.006730588022630161,
    "11.5": 0.006730588022630161,
    "12.1": 0.006730588022630161
  },
  "and_chr": {
    "91": 4.1491511125982505
  },
  "and_ff": {
    "89": 0.06041504010789454
  },