{
  "ie": {
    "6": 0,
    "7": 0,
    "8": 0,
    "9": 0,
    "10": 0,
    "11": 0,
    "5.5": 0
  },
  "edge": {
    "12": 0,
    "13": 0,
    "14": 0,
    "15": 0.0001392829920493786,
    "16": 0,
    "17": 0,
    "18": 0,
    "79": 0.00003482074801234465,
    "80": 0.00031338673211110186,
    "81": 0.00048749047217282513,
    "83": 0.0001392829920493786,
    "84": 0.0034472540532221206,
    "85": 0.02684679671751773,
    "86": 0.012082799560283594,
    "87": 0.00351689554924681,
    "88": 0.00201960338471599,
    "89": 0.07106914669319543,
    "90": 0.027926239905900412,
    "91": 5.303060639288041,
    "92": 5.12794709753396,
    "93": 0.10063196175567604
  },
  "firefox": {
    "2": 0.0000696414960246893,
    "3": 0,
    "4": 0,
    "5": 0,
    "6": 0,
    "7": 0,
    "8": 0,
    "9": 0,
    "10": 0,
    "11": 0,
    "12": 0,
    "13": 0,
    "14": 0,
    "15": 0,
    "16": 0,
    "17": 0,
    "18": 0,
    "19": 0,
    "20": 0,
    "21": 0,
    "22": 0,
    "23": 0,
    "24": 0,
    "25": 0,
    "26": 0,
    "27": 0,
    "28": 0,
    "29": 0,
    "30": 0,
    "31": 0,
    "32": 0,
    "33": 0,
    "34": 0,
    "35": 0,
    "36": 0,
    "37": 0,
    "38": 0,
    "39": 0,
    "40": 0.00003482074801234465,
    "41": 0,
    "42": 0,
    "43": 0,
    "44": 0,
    "45": 0,
    "46": 0,
    "47": 0,
    "48": 0,
    "49": 0,
    "50": 0.0000696414960246893,
    "51": 0,
    "52": 0.00010446224403703395,
    "53": 0,
    "54": 0,
    "55": 0,
    "56": 0.001323188424469097,
    "57": 0.0005919527162098591,
    "58": 0,
    "59": 0,
    "60": 0,
    "61": 0,
    "62": 0,
    "63": 0.00003482074801234465,
    "64": 0,
    "65": 0.0008356979522962716,
    "66": 0.0003482074801234465,
    "67": 0,
    "68": 0.001079443188382684,
    "69": 0.00003482074801234465,
    "70": 0.0002785659840987572,
    "71": 0.0002785659840987572,
    "72": 0.0005571319681975144,
    "73": 0,
    "74": 0.0003482074801234465,
    "75": 0.0002785659840987572,
    "76": 0.0010446224403703396,
    "77": 0.0000696414960246893,
    "78": 0.03151277695117191,
    "79": 0.0002785659840987572,
    "80": 0.0011490846844073735,
    "81": 0.0012187261804320628,
    "82": 0.003307971061172742,
    "83": 0.0008705187003086164,
    "84": 0.00201960338471599,
    "85": 0.020370137587221622,
    "86": 0.004735621729678873,
    "87": 0.0050838292098023185,
    "88": 0.04770442477691217,
    "89": 2.5405565957286784,
    "90": 1.580931601256472,
    "91": 1.43343091267618,
    "92": 0.0037258200373208776,
    "93": 0.0007312357082592377,
    "3.5": 0,
    "3.6": 0.00003482074801234465
  },
  "chrome": {
    "4": 0,
    "5": 0,
    "6": 0,
    "7": 0,
    "8": 0,
    "9": 0,
    "10": 0,
    "11": 0,
    "12": 0,
    "13": 0,
    "14": 0,
    "15": 0,
    "16": 0,
    "17": 0,
    "18": 0,
    "19": 0,
    "20": 0,
    "21": 0,
    "22": 0,
    "23": 0,
    "24": 0,
    "25": 0,
    "26": 0,
    "27": 0,
    "28": 0,
    "29": 0,
    "30": 0,
    "31": 0,
    "32": 0,
    "33": 0,
    "34": 0,
    "35": 0,
    "36": 0,
    "37": 0,
    "38": 0,
    "39": 0,
    "40": 0,
    "41": 0,
    "42": 0,
    "43": 0,
    "44": 0,
    "45": 0,
    "46": 0,
    "47": 0.00010446224403703395,
    "48": 0,
    "49": 0,
    "50": 0,
    "51": 0,
    "52": 0,
    "53": 0,
    "54": 0,
    "55": 0,
    "56": 0.00003482074801234465,
    "57": 0,
    "58": 0,
    "59": 0.00010446224403703395,
    "60": 0.001079443188382684,
    "61": 0,
    "62": 0.036944813641097675,
    "63": 0.00003482074801234465,
    "64": 0.003621357793283844,
    "65": 0,
    "66": 0.00003482074801234465,
    "67": 0,
    "68": 0,
    "69": 0.0004178489761481358,
    "70": 0.06657727019960297,
    "71": 0.000800877204283927,
    "72": 0.0050838292098023185,
    "73": 0.0038302822813579118,
    "74": 0.0023329901168270915,
    "75": 0.002890122085024606,
    "76": 0.031025286478999083,
    "77": 0.0026811975969505382,
    "78": 0.028344088882048545,
    "79": 0.1503559899173042,
    "80": 0.015251487629406958,
    "81": 0.019325515146851283,
    "83": 0.2930514152718926,
    "84": 0.015355949873443991,
    "85": 0.017480015502197015,
    "86": 0.8843773580175294,
    "87": 0.08545011562229377,
    "88": 0.107700573602182,
    "89": 0.10024893352754026,
    "90": 0.43550309539039456,
    "91": 32.322150417970846,
    "92": 24.49350610459944,
    "93": 0.8216651908472967,
    "94": 0.06236395969010927,
    "95": 0.01817643046244391,
    "96": 0
  },
  "safari": {
    "4": 0,
    "5": 0,
    "6": 0,
    "7": 0.0012187261804320628,
    "8": 0.00010446224403703395,
    "9": 0,
    "10": 0,
    "11": 0,
    "12": 0,
    "13": 0.003029405077073985,
    "14": 0.43097639814878974,
    "15": 0.017828222982320462,
    "3.1": 0,
    "3.2": 0,
    "5.1": 0,
    "6.1": 0,
    "7.1": 0,
    "9.1": 0,
    "10.1": 0,
    "11.1": 0,
    "12.1": 0.005327574445888732,
    "13.1": 0.1542559136946868,
    "14.1": 0.6218985595004755,
    "TP": 0
  },
  "opera": {
    "9": 0,
    "11": 0,
    "12": 0,
    "15": 0,
    "16": 0,
    "17": 0,
    "18": 0,
    "19": 0,
    "20": 0,
    "21": 0,
    "22": 0,
    "23": 0,
    "24": 0,
    "25": 0,
    "26": 0,
    "27": 0,
    "28": 0,
    "29": 0,
    "30": 0,
    "31": 0,
    "32": 0,
    "33": 0,
    "34": 0,
    "35": 0,
    "36": 0,
    "37": 0,
    "38": 0,
    "39": 0,
    "40": 0,
    "41": 0,
    "42": 0,
    "43": 0,
    "44": 0,
    "45": 0,
    "46": 0.00003482074801234465,
    "47": 0,
    "48": 0,
    "49": 0,
    "50": 0,
    "51": 0,
    "52": 0,
    "53": 0,
    "54": 0,
    "55": 0,
    "56": 0,
    "57": 0,
    "58": 0,
    "60": 0,
    "62": 0.00017410374006172324,
    "63": 0.00003482074801234465,
    "64": 0.00024374523608641256,
    "65": 0,
    "66": 0.0011839054324197182,
    "67": 0.00031338673211110186,
    "68": 0.0002785659840987572,
    "69": 0.0000696414960246893,
    "70": 0.00003482074801234465,
    "71": 0.0008356979522962716,
    "72": 0.05055972611392443,
    "73": 0.0172362702661106,
    "74": 0.0012535469284444074,
    "75": 1.8551101711056739,
    "76": 2.152270434643023,
    "77": 3.6262326980055724,
    "78": 2.1585033485372325,
    "9.5-9.6": 0,
    "10.0-10.1": 0,
    "10.5": 0,
    "10.6": 0,
    "11.1": 0,
    "11.5": 0,
    "11.6": 0,
    "12.1": 0
  },
  "ios_saf": {
    "8": 0,
    "3.2": 0,
    "4.0-4.1": 0,
    "4.2-4.3": 0,
    "5.0-5.1": 0.00003482074801234465,
    "6.0-6.1": 0.0002785659840987572,
    "7.0-7.1": 0.00010446224403703395,
    "8.1-8.4": 0.00003482074801234465,
    "9.0-9.2": 0.014450610425123031,
    "9.3": 0.00003482074801234465,
    "10.0-10.2": 0,
    "10.3": 0.0005223112201851698,
    "11.0-11.2": 0.0030990465730986743,
    "11.3-11.4": 0,
    "12.0-12.1": 0.00010446224403703395,
    "12.2-12.4": 0.011943516568234214,
    "13.0-13.1": 0.0038302822813579118,
    "13.2": 0.004526697241604804,
    "13.3": 0.015286308377419303,
    "13.4-13.7": 0.10731754537404621,
    "14.0-14.4": 0.78562571665452,
    "14.5-14.7": 3.2538596187615587
  },
  "op_mini": {
    "all": 0
  },
  "android": {
    "3": 0,
    "4": 0,
    "92": 3.5985502033357584,
    "2.1": 0,
    "2.2": 0,
    "2.3": 0,
    "4.1": 0.0008705187003086164,
    "4.2-4.3": 0.00003482074801234465,
    "4.4": 0.00003482074801234465,
    "4.4.3-4.4.4": 0
  },
  "bb": {
    "7": 0,
    "10": 0
  },
  "op_mob": {
    "10": 0.006998970350481275,
    "11": 0.006998970350481275,
    "12": 0.006998970350481275,
    "64": 0.006998970350481275,
    "11.1": 0.006998970350481275,
    "11.5": 0.006998970350481275,
    "12.1": 0.006998970350481275
  },
  "and_chr": {
    "92": 4.063511651544596
  },
  "and_ff": {
    "90": 0.04366521800748019
  },
  "ie_mob": {
    "10": 0,
    "11": 0
  },
  "and_uc": {
    "12.12": 0.001984782636703645
  },
  "samsung": {
    "4": 0.0001392829920493786,
    "5.0-5.4": 0.002576735352913504,
    "6.2-6.4": 0,
    "7.2-7.4": 0.0008705187003086164,
    "8.2": 0,
    "9.2": 0,
    "10.1": 0.0006267734642222037,
    "11.1-11.2": 0.0014972921645308199,