{
  "ie": {
    "6": 0,
    "7": 0,
    "8": 0,
    "9": 0,
    "10": 0,
    "11": 0,
    "5.5": 0
  },
  "edge": {
    "12": 0,
    "13": 0,
    "14": 0,
    "15": 0,
    "16": 0,
    "17": 0,
    "18": 0,
    "79": 0.00003256710533471982,
    "80": 0.005308438169559331,
    "81": 0.0005210736853555172,
    "83": 0.0003256710533471983,
    "84": 0.0040708881668399775,
    "85": 0.026737593479804977,
    "86": 0.006676256593617564,
    "87": 0.003061307901463664,
    "88": 0.010226071075102023,
    "89": 0.11284501998480417,
    "90": 2.4240999184845355,
    "91": 5.751090265268843,
    "92": 1.126593874843963
  },
  "firefox": {
    "2": 0.0002605368426777586,
    "3": 0.00009770131600415946,
    "4": 0,
    "5": 0,
    "6": 0.00003256710533471982,
    "7": 0,
    "8": 0,
    "9": 0,
    "10": 0,
    "11": 0,
    "12": 0,
    "13": 0,
    "14": 0,
    "15": 0,
    "16": 0,
    "17": 0,
    "18": 0,
    "19": 0,
    "20": 0,
    "21": 0,
    "22": 0,
    "23": 0,
    "24": 0,
    "25": 0,
    "26": 0,
    "27": 0,
    "28": 0,
    "29": 0,
    "30": 0,
    "31": 0,
    "32": 0,
    "33": 0,
    "34": 0,
    "35": 0,
    "36": 0,
    "37": 0,
    "38": 0,
    "39": 0,
    "40": 0.00009770131600415946,
    "41": 0,
    "42": 0,
    "43": 0,
    "44": 0,
    "45": 0,
    "46": 0,
    "47": 0,
    "48": 0.0005210736853555172,
    "49": 0,
    "50": 0.00006513421066943965,
    "51": 0,
    "52": 0,
    "53": 0,
    "54": 0,
    "55": 0,
    "56": 0.0024751000054387064,
    "57": 0.0005210736853555172,
    "58": 0,
    "59": 0,
    "60": 0,
    "61": 0,
    "62": 0,
    "63": 0.00003256710533471982,
    "64": 0,
    "65": 0.0008793118440374352,
    "66": 0.00022796973734303877,
    "67": 0,
    "68": 0.0014980868453971117,
    "69": 0.0001302684213388793,
    "70": 0.00003256710533471982,
    "71": 0.00035823815868191806,
    "72": 0.00039080526401663785,
    "73": 0.00009770131600415946,
    "74": 0.00029310394801247843,
    "75": 0.0002605368426777586,
    "76": 0.00042337236935135775,
    "77": 0.00006513421066943965,
    "78": 0.058946460655842886,
    "79": 0.00019540263200831893,
    "80": 0.0011724157920499137,
    "81": 0.003126442112133103,
    "82": 0.0011398486867151938,
    "83": 0.0006187750013596766,
    "84": 0.002409965794769267,
    "85": 0.020875514519555407,
    "86": 0.016250985562025193,
    "87": 0.01123565134047834,
    "88": 2.0841644730007296,
    "89": 2.649399153190127,
    "90": 1.1219042116757632,
    "91": 0.014492361873950322,
    "92": 0.00035823815868191806,
    "3.5": 0,
    "3.6": 0.00009770131600415946
  },
  "chrome": {
    "4": 0,
    "5": 0,
    "6": 0,
    "7": 0,
    "8": 0,
    "9": 0,
    "10": 0,
    "11": 0.00003256710533471982,
    "12": 0,
    "13": 0,
    "14": 0.00003256710533471982,
    "15": 0,
    "16": 0.00003256710533471982,
    "17": 0,
    "18": 0,
    "19": 0,
    "20": 0,
    "21": 0,
    "22": 0.00003256710533471982,
    "23": 0,
    "24": 0,
    "25": 0,
    "26": 0,
    "27": 0,
    "28": 0,
    "29": 0,
    "30": 0,
    "31": 0,
    "32": 0,
    "33": 0,
    "34": 0,
    "35": 0,
    "36": 0,
    "37": 0,
    "38": 0,
    "39": 0,
    "40": 0,
    "41": 0,
    "42": 0,
    "43": 0,
    "44": 0,
    "45": 0,
    "46": 0,
    "47": 0.00009770131600415946,
    "48": 0,
    "49": 0,
    "50": 0,
    "51": 0.00003256710533471982,
    "52": 0,
    "53": 0,
    "54": 0,
    "55": 0,
    "56": 0,
    "57": 0,
    "58": 0,
    "59": 0.0018237578987443102,
    "60": 0.0008467447387027155,
    "61": 0,
    "62": 0.028137979009197928,
    "63": 0.00003256710533471982,
    "64": 0.002247130268095668,
    "65": 0.00009770131600415946,
    "66": 0,
    "67": 0.00003256710533471982,
    "68": 0.00016283552667359914,
    "69": 0.00035823815868191806,
    "70": 0.06572041856546461,
    "71": 0.0010421473707110343,
    "72": 0.013775885556586485,
    "73": 0.004201156588178857,
    "74": 0.0040383210615052584,
    "75": 0.0030938750067983833,
    "76": 0.023611151367671872,
    "77": 0.006676256593617564,
    "78": 0.03631232244821261,
    "79": 0.14938531217035983,
    "80": 0.020452142150204047,
    "81": 0.020875514519555407,
    "83": 0.31417486516404214,
    "84": 0.016153284246021034,
    "85": 0.02768203953451185,
    "86": 0.7734687516995958,
    "87": 0.10366109628041321,
    "88": 0.0905365528305211,
    "89": 0.23633948341406177,
    "90": 18.986427007509647,
    "91": 34.395324926894986,
    "92": 5.920602048536059,
    "93": 0.20452142150204047,
    "94": 0.008662850019035474,
    "95": 0
  },
  "safari": {
    "4": 0,
    "5": 0.00003256710533471982,
    "6": 0,
    "7": 0.00009770131600415946,
    "8": 0,
    "9": 0,
    "10": 0,
    "11": 0,
    "12": 0,
    "13": 0.0040383210615052584,
    "14": 0.5993975736855183,
    "15": 0.00540613948556349,
    "3.1": 0.00003256710533471982,
    "3.2": 0,
    "5.1": 0,
    "6.1": 0,
    "7.1": 0,
    "9.1": 0,
    "10.1": 0,
    "11.1": 0,
    "12.1": 0.004363992114852456,
    "13.1": 0.10457297522978536,
    "14.1": 0.5368361643375216,
    "TP": 0
  },
  "opera": {
    "9": 0.00006513421066943965,
    "11": 0,
    "12": 0,
    "15": 0,
    "16": 0,
    "17": 0,
    "18": 0,
    "19": 0,
    "20": 0,
    "21": 0,
    "22": 0,
    "23": 0,
    "24": 0,
    "25": 0,
    "26": 0,
    "27": 0,
    "28": 0,
    "29": 0,
    "30": 0,
    "31": 0,
    "32": 0,
    "33": 0,
    "34": 0,
    "35": 0,
    "36": 0,
    "37": 0,
    "38": 0,
    "39": 0,
    "40": 0,
    "41": 0,
    "42": 0,
    "43": 0,
    "44": 0,
    "45": 0,
    "46": 0.00003256710533471982,
    "47": 0,
    "48": 0,
    "49": 0,
    "50": 0,
    "51": 0,
    "52": 0,
    "53": 0,
    "54": 0,
    "55": 0,
    "56": 0,
    "57": 0,
    "58": 0,
    "60": 0,
    "62": 0.00016283552667359914,
    "63": 0,
    "64": 0.0001302684213388793,
    "65": 0,
    "66": 0.0011724157920499137,
    "67": 0.0002605368426777586,
    "68": 0.0003256710533471983,
    "69": 0.00016283552667359914,
    "70": 0.00022796973734303877,
    "71": 0.001107281581380474,
    "72": 0.07552311727121527,
    "73": 0.5492116643647151,
    "74": 0.002051727636087349,
    "75": 4.61987186146735,
    "76": 2.417065423732236,
    "77": 1.9759439819734559,
    "9.5-9.6": 0,
    "10.0-10.1": 0,
    "10.5": 0,
    "10.6": 0,
    "11.1": 0,
    "11.5": 0,
    "11.6": 0,
    "12.1": 0
  },
  "ios_saf": {
    "8": 0,
    "3.2": 0,
    "4.0-4.1": 0,
    "4.2-4.3": 0,
    "5.0-5.1": 0.00003256710533471982,
    "6.0-6.1": 0.0001302684213388793,
    "7.0-7.1": 0.00009770131600415946,
    "8.1-8.4": 0,
    "9.0-9.2": 0.007848672385667478,
    "9.3": 0.00003256710533471982,
    "10.0-10.2": 0,
    "10.3": 0.0001302684213388793,
    "11.0-11.2": 0.0034195460601455815,
    "11.3-11.4": 0,
    "12.0-12.1": 0.00003256710533471982,
    "12.2-12.4": 0.011528755288490818,
    "13.0-13.1": 0.0032892776388067017,
    "13.2": 0.0025076671107734263,
    "13.3": 0.019637964516836054,
    "13.4-13.7": 0.1146687778835485,
    "14.0-14.4": 1.6881159050252021,
    "14.5-14.7": 2.3215786708908377
  },
  "op_mini": {
    "all": 0
  },
  "android": {
    "3": 0,
    "4": 0,
    "92": 3.3471819520918342,
    "2.1": 0,
    "2.2": 0,
    "2.3": 0,
    "4.1": 0.0007164763173638361,
    "4.2-4.3": 0.00003256710533471982,
    "4.4": 0.00003256710533471982,
    "4.4.3-4.4.4": 0
  },
  "bb": {
    "7": 0,
    "10": 0
  },
  "op_mob": {
    "10": 0.006057481592257887,
    "11": 0.006057481592257887,
    "12": 0.006057481592257887,
    "64": 0.006057481592257887,
    "11.1": 0.006057481592257887,
    "11.5": 0.006057481592257887,
    "12.1": 0.006057481592257887
  },
  "and_chr": {
    "92": 4.112574061668419
  },
  "and_ff": {
    "90": 0.056959867230424975
  },
  "ie_mob": {
    "10": 0,
    "11": 0
  },
  "and_uc": {
    "12.12": 0.0034195460601455815
  },
  "samsung": {
    "4": 0.0002605368426777586,
    "5.0-5.4": 0.004624528957530215,
    "6.2-6.4": 0,
    "7.2-7.4": 0.001074714476045754,
    "8.2": 0,
    "9.2": 0,
    "10.1": 0.00003256710533471982,