{
  "ie": {
    "6": 0,
    "7": 0.00006442545539938467,
    "8": 0.00012885091079876935,
    "9": 0,
    "10": 0,
    "11": 0.0002577018215975387,
    "5.5": 0
  },
  "edge": {
    "12": 0,
    "13": 0,
    "14": 0,
    "15": 0,
    "16": 0,
    "17": 0.0016106363849846168,
    "18": 0.0012885091079876934,
    "79": 0.0009663818309907702,
    "80": 0.0071190128216320064,
    "81": 0.00041876546009600034,
    "83": 0.0020616145727803095,
    "84": 0.00853637284041847,
    "85": 0.008858500117415392,
    "86": 0.012724027441378473,
    "87": 0.009406116488310162,
    "88": 0.6851325054447563,
    "89": 4.897107715818027,
    "90": 3.7248221293708244
  },
  "firefox": {
    "2": 0.000289914549297231,
    "3": 0.00009663818309907702,
    "4": 0,
    "5": 0,
    "6": 0.000032212727699692336,
    "7": 0,
    "8": 0,
    "9": 0,
    "10": 0,
    "11": 0,
    "12": 0.000032212727699692336,
    "13": 0,
    "14": 0,
    "15": 0,
    "16": 0,
    "17": 0,
    "18": 0,
    "19": 0,
    "20": 0,
    "21": 0,
    "22": 0,
    "23": 0,
    "24": 0,
    "25": 0,
    "26": 0,
    "27": 0,
    "28": 0,
    "29": 0,
    "30": 0,
    "31": 0,
    "32": 0,
    "33": 0.000032212727699692336,
    "34": 0,
    "35": 0,
    "36": 0,
    "37": 0.00038655273239630806,
    "38": 0,
    "39": 0,
    "40": 0.000032212727699692336,
    "41": 0,
    "42": 0,
    "43": 0,
    "44": 0,
    "45": 0,
    "46": 0,
    "47": 0,
    "48": 0.000579829098594462,
    "49": 0,
    "50": 0,
    "51": 0.000032212727699692336,
    "52": 0.000032212727699692336,
    "53": 0.000289914549297231,
    "54": 0,
    "55": 0,
    "56": 0.0053795255258486194,
    "57": 0.00022548909389784634,
    "58": 0,
    "59": 0,
    "60": 0.000289914549297231,
    "61": 0,
    "62": 0,
    "63": 0,
    "64": 0,
    "65": 0.00045097818779569267,
    "66": 0.0008375309201920007,
    "67": 0,
    "68": 0.002222678211278771,
    "69": 0.00019327636619815403,
    "70": 0.00012885091079876935,
    "71": 0.00019327636619815403,
    "72": 0.0009663818309907702,
    "73": 0.000289914549297231,
    "74": 0.00012885091079876935,
    "75": 0.00012885091079876935,
    "76": 0.001836125478882463,
    "77": 0.0007086800093932314,
    "78": 0.09315920850751024,
    "79": 0.000579829098594462,
    "80": 0.0009985945586904624,
    "81": 0.0075377782817280066,
    "82": 0.0011274454694892317,
    "83": 0.0020616145727803095,
    "84": 0.006893523727734161,
    "85": 0.0529899370659939,
    "86": 1.8458215099200708,
    "87": 1.693970711543721,
    "88": 2.407482630091906,
    "89": 0.015655385662050474,
    "90": 0.0575963571270499,
    "3.5": 0.00006442545539938467,
    "3.6": 0.00012885091079876935
  },
  "chrome": {
    "4": 0.000032212727699692336,
    "5": 0,
    "6": 0,
    "7": 0.000032212727699692336,
    "8": 0,
    "9": 0,
    "10": 0,
    "11": 0.000032212727699692336,
    "12": 0,
    "13": 0,
    "14": 0,
    "15": 0,
    "16": 0.000032212727699692336,
    "17": 0,
    "18": 0,
    "19": 0,
    "20": 0,
    "21": 0,
    "22": 0.000032212727699692336,
    "23": 0,
    "24": 0,
    "25": 0,
    "26": 0,
    "27": 0,
    "28": 0,
    "29": 0,
    "30": 0,
    "31": 0,
    "32": 0,
    "33": 0,
    "34": 0,
    "35": 0,
    "36": 0,
    "37": 0.000032212727699692336,
    "38": 0,
    "39": 0,
    "40": 0.00009663818309907702,
    "41": 0,
    "42": 0,
    "43": 0,
    "44": 0,
    "45": 0,
    "46": 0.000032212727699692336,
    "47": 0.00009663818309907702,
    "48": 0.00006442545539938467,
    "49": 0.0002577018215975387,
    "50": 0.00009663818309907702,
    "51": 0.000032212727699692336,
    "52": 0,
    "53": 0,
    "54": 0,
    "55": 0.0003543400046966157,
    "56": 0.00019327636619815403,
    "57": 0.0008697436478916931,
    "58": 0.0008697436478916931,
    "59": 0.0027058691267741563,
    "60": 0.000579829098594462,
    "61": 0.00041876546009600034,
    "62": 0.02886260401892433,
    "63": 0.003543400046966157,
    "64": 0.0021582527558793867,
    "65": 0.0022548909389784634,
    "66": 0.001159658197188924,
    "67": 0.0009663818309907702,
    "68": 0.0010630200140898472,
    "69": 0.0006764672816935391,
    "70": 0.06909630091584007,
    "71": 0.0013207218356873858,
    "72": 0.04177990782650096,
    "73": 0.01101675287329478,
    "74": 0.04799696427254158,
    "75": 0.006990161910833237,
    "76": 0.03630374411755326,
    "77": 0.12282713071892688,
    "78": 0.05621120983596312,
    "79": 0.2050984372639411,
    "80": 0.039943782347618494,
    "81": 0.03166511132879757,
    "83": 0.2378909940622279,
    "84": 0.02770294582173541,
    "85": 0.06964391728673483,
    "86": 0.31088503502973075,
    "87": 0.184901056996234,
    "88": 7.470711382657247,
    "89": 27.06255679506552,
    "90": 24.276188061769837,
    "91": 0.8999269737463048,
    "92": 0.14457072191621922,
    "93": 0
  },
  "safari": {
    "4": 0,
    "5": 0.00012885091079876935,
    "6": 0,
    "7": 0,
    "8": 0.0007731054647926161,
    "9": 0,
    "10": 0,
    "11": 0,
    "12": 0.00009663818309907702,
    "13": 0.009309478305211085,
    "14": 0.8507703512765743,
    "3.1": 0.000032212727699692336,
    "3.2": 0,
    "5.1": 0,
    "6.1": 0,
    "7.1": 0,
    "9.1": 0.00019327636619815403,
    "10.1": 0.00009663818309907702,
    "11.1": 0,
    "12.1": 0.0084075219296197,
    "13.1": 0.17559157869102293,
    "14.1": 0.08233573200041361,
    "TP": 0
  },
  "opera": {
    "9": 0.00006442545539938467,
    "11": 0,
    "12": 0,
    "15": 0,
    "16": 0,
    "17": 0,
    "18": 0,
    "19": 0,
    "20": 0,
    "21": 0,
    "22": 0,
    "23": 0,
    "24": 0,
    "25": 0,
    "26": 0,
    "27": 0,
    "28": 0,
    "29": 0,
    "30": 0,
    "31": 0,
    "32": 0,
    "33": 0,
    "34": 0,
    "35": 0,
    "36": 0,
    "37": 0,
    "38": 0,
    "39": 0,
    "40": 0,
    "41": 0,
    "42": 0,
    "43": 0,
    "44": 0,
    "45": 0,
    "46": 0.00009663818309907702,
    "47": 0,
    "48": 0.000289914549297231,
    "49": 0,
    "50": 0,
    "51": 0,
    "52": 0,
    "53": 0,
    "54": 0,
    "55": 0,
    "56": 0,
    "57": 0,
    "58": 0.000032212727699692336,
    "60": 0,
    "62": 0,
    "63": 0.00016106363849846168,
    "64": 0.000032212727699692336,
    "65": 0.000032212727699692336,
    "66": 0.0012240836525883089,
    "67": 0.00016106363849846168,
    "68": 0.0017717000234830785,
    "69": 0.000032212727699692336,
    "70": 0.000289914549297231,
    "71": 0.003672250957764926,
    "72": 0.03179396223959634,
    "73": 5.9668924027248105,
    "74": 0.7364795933980659,
    "75": 2.880719812728086,
    "9.5-9.6": 0.000032212727699692336,
    "10.0-10.1": 0,
    "10.5": 0,
    "10.6": 0,
    "11.1": 0,
    "11.5": 0,
    "11.6": 0,
    "12.1": 0
  },
  "ios_saf": {
    "8": 0,
    "3.2": 0,
    "4.0-4.1": 0,
    "4.2-4.3": 0,
    "5.0-5.1": 0,
    "6.0-6.1": 0.00012885091079876935,
    "7.0-7.1": 0.000032212727699692336,
    "8.1-8.4": 0,
    "9.0-9.2": 0.0011918709248886165,
    "9.3": 0.000032212727699692336,
    "10.0-10.2": 0,
    "10.3": 0.0007086800093932314,
    "11.0-11.2": 0.0012885091079876934,
    "11.3-11.4": 0,
    "12.0-12.1": 0.000032212727699692336,
    "12.2-12.4": 0.01652512930994217,
    "13.0-13.1": 0.0378177423194388,
    "13.2": 0.0075699910094277,
    "13.3": 0.05698431530075575,
    "13.4-13.7": 0.15623172934350782,
    "14.0-14.4": 3.8136970450942753,
    "14.5": 0.22684202846123344
  },
  "op_mini": {
    "all": 0
  },
  "android": {
    "3": 0,
    "4": 0,
    "90": 2.641508096830171,
    "2.1": 0,
    "2.2": 0,
    "2.3": 0,
    "4.1": 0.00041876546009600034,
    "4.2-4.3": 0,
    "4.4": 0,
    "4.4.3-4.4.4": 0
  },
  "bb": {
    "7": 0,
    "10": 0
  },
  "op_mob": {
    "10": 0.008182032835721853,
    "11": 0.008182032835721853,
    "12": 0.008182032835721853,
    "62": 0.008182032835721853,
    "11.1": 0.008182032835721853,
    "11.5": 0.008182032835721853,
    "12.1": 0.008182032835721853
  },
  "and_chr": {
    "90": 4.268476334758532
  },
  "and_ff": {
    "87": 0.05827282440874343
  },
  "ie_mob": {
    "10": 0,
    "11": 0
  },