{
  "ie": {
    "6": 0,
    "7": 0.00004203328447664568,
    "8": 0.00008406656895329136,
    "9": 0.00046236612924310246,
    "10": 0,
    "11": 0.0029002966288885516,
    "5.5": 0
  },
  "edge": {
    "12": 0.00004203328447664568,
    "13": 0.00004203328447664568,
    "14": 0,
    "15": 0.0007986324050562679,
    "16": 0.001429131672205953,
    "17": 0.0030263964823184887,
    "18": 0.13253094595486384,
    "79": 0,
    "80": 0.0023538639306921578,
    "81": 0.010844587394974585,
    "83": 0.0012189652498227246,
    "84": 0.07339011469622335,
    "85": 0.019881743557453403,
    "86": 2.9733504773089616,
    "87": 6.964957271064666
  },
  "firefox": {
    "2": 0.00021016642238322835,
    "3": 0.00004203328447664568,
    "4": 0.00004203328447664568,
    "5": 0,
    "6": 0,
    "7": 0,
    "8": 0,
    "9": 0,
    "10": 0,
    "11": 0,
    "12": 0,
    "13": 0,
    "14": 0,
    "15": 0,
    "16": 0,
    "17": 0,
    "18": 0,
    "19": 0,
    "20": 0.00033626627581316543,
    "21": 0,
    "22": 0,
    "23": 0,
    "24": 0,
    "25": 0,
    "26": 0,
    "27": 0,
    "28": 0,
    "29": 0,
    "30": 0,
    "31": 0,
    "32": 0,
    "33": 0,
    "34": 0,
    "35": 0,
    "36": 0,
    "37": 0,
    "38": 0.001050832111916142,
    "39": 0,
    "40": 0.00008406656895329136,
    "41": 0,
    "42": 0,
    "43": 0.0014711649566825987,
    "44": 0.002185730792785575,
    "45": 0.0011769319653460789,
    "46": 0.00004203328447664568,
    "47": 0.00004203328447664568,
    "48": 0.00025219970685987406,
    "49": 0,
    "50": 0,
    "51": 0,
    "52": 0.0007565991205796222,
    "53": 0.00004203328447664568,
    "54": 0,
    "55": 0,
    "56": 0.003152496335748426,
    "57": 0.00008406656895329136,
    "58": 0.00004203328447664568,
    "59": 0,
    "60": 0.00012609985342993703,
    "61": 0.00008406656895329136,
    "62": 0.00016813313790658272,
    "63": 0,
    "64": 0.0060527929646369775,
    "65": 0.0006304992671496852,
    "66": 0.0012609985342993703,
    "67": 0.00008406656895329136,
    "68": 0.019041077867920492,
    "69": 0.0003782995602898111,
    "70": 0.0005884659826730394,
    "71": 0.0009247322584862049,
    "72": 0.0036148624649915283,
    "73": 0.0002942329913365197,
    "74": 0.0012609985342993703,
    "75": 0.0014711649566825987,
    "76": 0.003782995602898111,
    "77": 0.002774196775458615,
    "78": 0.03118869708167109,
    "79": 0.005086027421674127,
    "80": 0.01185338622241408,
    "81": 0.7703019713190087,
    "82": 1.793223982342658,
    "83": 1.7675416455274273,
    "84": 1.9017959561458335,
    "85": 0.009709688714105151,
    "86": 0.011937452791367372,
    "3.5": 0,
    "3.6": 0.00004203328447664568
  },
  "chrome": {
    "4": 0,
    "5": 0,
    "6": 0,
    "7": 0,
    "8": 0.00004203328447664568,
    "9": 0,
    "10": 0,
    "11": 0,
    "12": 0,
    "13": 0,
    "14": 0,
    "15": 0,
    "16": 0,
    "17": 0,
    "18": 0,
    "19": 0,
    "20": 0,
    "21": 0,
    "22": 0,
    "23": 0,
    "24": 0,
    "25": 0.00008406656895329136,
    "26": 0,
    "27": 0,
    "28": 0,
    "29": 0.00004203328447664568,
    "30": 0,
    "31": 0,
    "32": 0,
    "33": 0,
    "34": 0,
    "35": 0,
    "36": 0,
    "37": 0,
    "38": 0,
    "39": 0,
    "40": 0,
    "41": 0,
    "42": 0,
    "43": 0,
    "44": 0,
    "45": 0.00016813313790658272,
    "46": 0.0002942329913365197,
    "47": 0.001050832111916142,
    "48": 0.012862185049853576,
    "49": 0.005422293697487293,
    "50": 0.0012189652498227246,
    "51": 0,
    "52": 0.0006304992671496852,
    "53": 0.0005464326981963937,
    "54": 0.00012609985342993703,
    "55": 0.0012609985342993703,
    "56": 0.00008406656895329136,
    "57": 0.0005043994137197481,
    "58": 0.0014711649566825987,
    "59": 0,
    "60": 0.0006725325516263309,
    "61": 0.002479963784122095,
    "62": 0.027784001039062794,
    "63": 0.011895419506890726,
    "64": 0.005422293697487293,
    "65": 0.0022697973617388668,
    "66": 0.00025219970685987406,
    "67": 0.0012189652498227246,
    "68": 0.0007986324050562679,
    "69": 0.04560611365716056,
    "70": 0.11021127189776497,
    "71": 0.007313791498936348,
    "72": 0.019503443997163594,
    "73": 0.016855347075134915,
    "74": 0.07830800897999089,
    "75": 0.00777615762817945,
    "76": 0.06065402949979971,
    "77": 0.015426215402928963,
    "78": 0.027321634909819693,
    "79": 0.24417134952483474,
    "80": 0.07439891352366285,
    "81": 0.07502941279081254,
    "83": 0.30499351216254106,
    "84": 0.08452893508253445,
    "85": 0.3537100888709734,
    "86": 25.35363653062314,
    "87": 35.2812678247397,
    "88": 0.22458383895871786,
    "89": 0.13908813833322053,
    "90": 0
  },
  "safari": {
    "4": 0,
    "5": 0,
    "6": 0,
    "7": 0.00008406656895329136,
    "8": 0.0010087988274394962,
    "9": 0.0009667655429628505,
    "10": 0.00021016642238322835,
    "11": 0.00004203328447664568,
    "12": 0.003488762611561591,
    "13": 0.019545477281640238,
    "14": 0.774883599326963,
    "3.1": 0,
    "3.2": 0,
    "5.1": 0,
    "6.1": 0,
    "7.1": 0,
    "9.1": 0,
    "10.1": 0.0025219970685987406,
    "11.1": 0.0035728291805148826,
    "12.1": 0.02812026731487596,
    "13.1": 0.31932686216907724,
    "TP": 0
  },
  "opera": {
    "9": 0,
    "11": 0,
    "12": 0,
    "15": 0,
    "16": 0,
    "17": 0,
    "18": 0,
    "19": 0,
    "20": 0,
    "21": 0,
    "22": 0,
    "23": 0,
    "24": 0,
    "25": 0,
    "26": 0,
    "27": 0,
    "28": 0,
    "29": 0,
    "30": 0,
    "31": 0,
    "32": 0,
    "33": 0,
    "34": 0,
    "35": 0,
    "36": 0,
    "37": 0,
    "38": 0,
    "39": 0,
    "40": 0,
    "41": 0,
    "42": 0,
    "43": 0,
    "44": 0,
    "45": 0,
    "46": 0,
    "47": 0,
    "48": 0.0005464326981963937,
    "49": 0,
    "50": 0,
    "51": 0,
    "52": 0,
    "53": 0,
    "54": 0,
    "55": 0,
    "56": 0,
    "57": 0,
    "58": 0.00016813313790658272,
    "60": 0.00012609985342993703,
    "62": 0.00012609985342993703,
    "63": 0.00004203328447664568,
    "64": 0,
    "65": 0.0003782995602898111,
    "66": 0.22576077092406394,
    "67": 0.00033626627581316543,
    "68": 0.002143697508308929,
    "69": 0.0009247322584862049,
    "70": 0.0008826989740095592,
    "71": 3.565179122740133,
    "72": 2.7558282301423205,
    "9.5-9.6": 0.00004203328447664568,
    "10.0-10.1": 0.00008406656895329136,
    "10.5": 0,
    "10.6": 0,
    "11.1": 0,
    "11.5": 0,
    "11.6": 0,
    "12.1": 0.00004203328447664568
  },
  "ios_saf": {
    "8": 0,
    "3.2": 0,
    "4.0-4.1": 0,
    "4.2-4.3": 0,
    "5.0-5.1": 0,
    "6.0-6.1": 0.00021016642238322835,
    "7.0-7.1": 0,
    "8.1-8.4": 0.0009247322584862049,
    "9.0-9.2": 0.024169138574071262,
    "9.3": 0,
    "10.0-10.2": 0.00033626627581316543,
    "10.3": 0.004623661292431025,
    "11.0-11.2": 0.0023538639306921578,
    "11.3-11.4": 0.0026480969220286778,
    "12.0-12.1": 0.009163256015908759,
    "12.2-12.4": 0.11487696647467265,
    "13.0-13.1": 0.04073025265786966,
    "13.2": 0.006767358800739954,
    "13.3": 0.08583196690131048,
    "13.4-13.7": 0.5844307873632815,
    "14.0-14.3": 3.463752807297987
  },
  "op_mini": {
    "all": 0
  },
  "android": {
    "3": 0,
    "4": 0,
    "81": 3.323571803568374,
    "2.1": 0,
    "2.2": 0,
    "2.3": 0,
    "4.1": 0.00033626627581316543,
    "4.2-4.3": 0,
    "4.4": 0,
    "4.4.3-4.4.4": 0
  },
  "bb": {
    "7": 0,
    "10": 0
  },
  "op_mob": {
    "10": 0.006893458654169891,
    "11": 0.006893458654169891,
    "12": 0.006893458654169891,
    "59": 0.006893458654169891,
    "11.1": 0.006893458654169891,
    "11.5": 0.006893458654169891,
    "12.1": 0.006893458654169891
  },
  "and_chr": {
    "87": 4.264360776724657
  },
  "and_ff": {
    "83": 0.04434511512286119
  },
  "ie_mob": {
    "10": 0,
    "11": 0
  },
  "and_uc": {
    "12.12": 0.01097068724840452
  },
  "samsung": {
    "4": 0,
    "5.0-5.4": 0.00807039061951597,
    "6.2-6.4": 0.00008406656895329136,
    "7.2-7.4": 0.0008826989740095592,
    "8.2": 0.00012609985342993703,