{
  "ie": {
    "6": 0,
    "7": 0,
    "8": 0,
    "9": 0,
    "10": 0,
    "11": 0,
    "5.5": 0
  },
  "edge": {
    "12": 0,
    "13": 0,
    "14": 0,
    "15": 0,
    "16": 0,
    "17": 0.0015654509449173721,
    "18": 0.0013977240579619394,
    "79": 0,
    "80": 0.004752261797070594,
    "81": 0.0004752261797070594,
    "83": 0.003354537739108655,
    "84": 0.009812022886892815,
    "85": 0.02239153940855027,
    "86": 0.023817217947671446,
    "87": 0.25466532336066533,
    "88": 4.177601527880123,
    "89": 4.180173340146772,
    "90": 0.07201074346619912
  },
  "firefox": {
    "2": 0.000055908962318477584,
    "3": 0,
    "4": 0,
    "5": 0,
    "6": 0,
    "7": 0,
    "8": 0,
    "9": 0,
    "10": 0,
    "11": 0,
    "12": 0,
    "13": 0,
    "14": 0,
    "15": 0,
    "16": 0,
    "17": 0,
    "18": 0,
    "19": 0,
    "20": 0,
    "21": 0,
    "22": 0,
    "23": 0,
    "24": 0,
    "25": 0,
    "26": 0,
    "27": 0,
    "28": 0,
    "29": 0,
    "30": 0,
    "31": 0,
    "32": 0,
    "33": 0.000055908962318477584,
    "34": 0,
    "35": 0,
    "36": 0,
    "37": 0,
    "38": 0,
    "39": 0,
    "40": 0,
    "41": 0,
    "42": 0,
    "43": 0,
    "44": 0,
    "45": 0.000055908962318477584,
    "46": 0,
    "47": 0,
    "48": 0,
    "49": 0.000055908962318477584,
    "50": 0,
    "51": 0,
    "52": 0.000055908962318477584,
    "53": 0.0006149985855032534,
    "54": 0,
    "55": 0,
    "56": 0.00855407123472707,
    "57": 0.0002515903304331491,
    "58": 0,
    "59": 0,
    "60": 0,
    "61": 0,
    "62": 0,
    "63": 0,
    "64": 0,
    "65": 0.0004752261797070594,
    "66": 0.0009504523594141188,
    "67": 0.00011181792463695517,
    "68": 0.0043329445796820125,
    "69": 0.00011181792463695517,
    "70": 0.0003074992927516267,
    "71": 0.00036340825507010427,
    "72": 0.013250424069479185,
    "73": 0.00016772688695543272,
    "74": 0.00041931721738858185,
    "75": 0.0006429530666624922,
    "76": 0.0025997667478092072,
    "77": 0.0008386344347771637,
    "78": 0.048752615141712446,
    "79": 0.0009784068405733575,
    "80": 0.014312694353530261,
    "81": 0.005031806608662982,
    "82": 0.005283396939096131,
    "83": 0.005590896231847758,
    "84": 0.46348529762017915,
    "85": 2.429663729955239,
    "86": 2.0286287432448,
    "87": 1.4921822497990072,
    "88": 0.01942836440567096,
    "89": 0.0016213599072358498,
    "3.5": 0.00011181792463695517,
    "3.6": 0
  },
  "chrome": {
    "4": 0.000055908962318477584,
    "5": 0.000055908962318477584,
    "6": 0,
    "7": 0,
    "8": 0,
    "9": 0,
    "10": 0.000055908962318477584,
    "11": 0,
    "12": 0,
    "13": 0,
    "14": 0,
    "15": 0,
    "16": 0,
    "17": 0,
    "18": 0,
    "19": 0,
    "20": 0,
    "21": 0,
    "22": 0,
    "23": 0,
    "24": 0,
    "25": 0,
    "26": 0,
    "27": 0,
    "28": 0,
    "29": 0,
    "30": 0,
    "31": 0,
    "32": 0,
    "33": 0,
    "34": 0,
    "35": 0,
    "36": 0,
    "37": 0,
    "38": 0,
    "39": 0,
    "40": 0.00011181792463695517,
    "41": 0,
    "42": 0,
    "43": 0,
    "44": 0,
    "45": 0,
    "46": 0,
    "47": 0,
    "48": 0.00011181792463695517,
    "49": 0.0002515903304331491,
    "50": 0,
    "51": 0.000055908962318477584,
    "52": 0,
    "53": 0,
    "54": 0,
    "55": 0.00036340825507010427,
    "56": 0.00011181792463695517,
    "57": 0.0006988620289809697,
    "58": 0.0009504523594141188,
    "59": 0.0006149985855032534,
    "60": 0.0004752261797070594,
    "61": 0.0004752261797070594,
    "62": 0.03108538304907353,
    "63": 0.0038577183999749525,
    "64": 0.0016772688695543274,
    "65": 0.002096586086942909,
    "66": 0.0006988620289809697,
    "67": 0.0008665889159364024,
    "68": 0.00276749363476464,
    "69": 0.0007827254724586861,
    "70": 0.0557132809503629,
    "71": 0.0031309018898347443,
    "72": 0.05163192670111404,
    "73": 0.01176883656803953,
    "74": 0.11472519067751599,
    "75": 0.025326759930270344,
    "76": 0.03849332055627181,
    "77": 0.13292355791218044,
    "78": 0.07259778757054312,
    "79": 0.2756870931924129,
    "80": 0.030134930689659414,
    "81": 0.03323787809833492,
    "83": 0.11301996732680242,
    "84": 0.08425480621394571,
    "85": 0.11069974539058561,
    "86": 0.2756591387112537,
    "87": 4.105283285121172,
    "88": 33.36459576142975,
    "89": 22.934247705775732,
    "90": 0.992859307332684,
    "91": 0.19157205938426342,
    "92": 0.0006429530666624922,
    "93": 0
  },
  "safari": {
    "4": 0.000055908962318477584,
    "5": 0.000055908962318477584,
    "6": 0,
    "7": 0,
    "8": 0.0008945433970956413,
    "9": 0,
    "10": 0,
    "11": 0,
    "12": 0.00011181792463695517,
    "13": 0.009504523594141188,
    "14": 0.8155440333396324,
    "3.1": 0,
    "3.2": 0,
    "5.1": 0,
    "6.1": 0,
    "7.1": 0,
    "9.1": 0.00011181792463695517,
    "10.1": 0.00011181792463695517,
    "11.1": 0,
    "12.1": 0.010622702840510739,
    "13.1": 0.24163853514046008,
    "TP": 0
  },
  "opera": {
    "9": 0,
    "11": 0,
    "12": 0,
    "15": 0,
    "16": 0,
    "17": 0,
    "18": 0,
    "19": 0,
    "20": 0,
    "21": 0,
    "22": 0,
    "23": 0,
    "24": 0,
    "25": 0,
    "26": 0,
    "27": 0,
    "28": 0,
    "29": 0,
    "30": 0,
    "31": 0,
    "32": 0,
    "33": 0,
    "34": 0,
    "35": 0,
    "36": 0,
    "37": 0,
    "38": 0,
    "39": 0,
    "40": 0,
    "41": 0,
    "42": 0,
    "43": 0,
    "44": 0,
    "45": 0,
    "46": 0.00011181792463695517,
    "47": 0,
    "48": 0.00041931721738858185,
    "49": 0,
    "50": 0,
    "51": 0,
    "52": 0,
    "53": 0,
    "54": 0,
    "55": 0,
    "56": 0,
    "57": 0,
    "58": 0.000055908962318477584,
    "60": 0.0016772688695543274,
    "62": 0.000055908962318477584,
    "63": 0.00011181792463695517,
    "64": 0.000055908962318477584,
    "65": 0,
    "66": 0.00011181792463695517,
    "67": 0.0005590896231847757,
    "68": 0.0029631750028793116,
    "69": 0.012803152370931365,
    "70": 0.00011181792463695517,
    "71": 0.011014065576740083,
    "72": 1.7110378827946877,
    "73": 5.179629905033037,
    "74": 0.9720332188690511,
    "75": 0.2827875314068596,
    "9.5-9.6": 0.000055908962318477584,
    "10.0-10.1": 0,
    "10.5": 0,
    "10.6": 0,
    "11.1": 0,
    "11.5": 0,
    "11.6": 0,
    "12.1": 0.000055908962318477584
  },
  "ios_saf": {
    "8": 0,
    "3.2": 0,
    "4.0-4.1": 0,
    "4.2-4.3": 0,
    "5.0-5.1": 0,
    "6.0-6.1": 0,
    "7.0-7.1": 0,
    "8.1-8.4": 0,
    "9.0-9.2": 0,
    "9.3": 0,
    "10.0-10.2": 0,
    "10.3": 0,
    "11.0-11.2": 0,
    "11.3-11.4": 0,
    "12.0-12.1": 0,
    "12.2-12.4": 0,
    "13.0-13.1": 0,
    "13.2": 0,
    "13.3": 0,
    "13.4-13.7": 0,
    "14.0-14.5": 0
  },
  "op_mini": {
    "all": 0
  },
  "android": {
    "3": 0,
    "4": 0,
    "90": 2.4613082026274977,
    "2.1": 0,
    "2.2": 0,
    "2.3": 0,
    "4.1": 0.0004752261797070594,
    "4.2-4.3": 0,
    "4.4": 0,
    "4.4.3-4.4.4": 0
  },
  "bb": {
    "7": 0,
    "10": 0
  },
  "op_mob": {
    "10": 0.008442253310090114,
    "11": 0.008442253310090114,
    "12": 0.008442253310090114,
    "62": 0.008442253310090114,
    "11.1": 0.008442253310090114,
    "11.5": 0.008442253310090114,
    "12.1": 0.008442253310090114
  },
  "and_chr": {
    "90": 4.518702106985154
  },
  "and_ff": {
    "87": 0.05632827953586615
  },
  "ie_mob": {
    "10": 0,
    "11": 0
  },
  "and_uc": {
    "12.12": 0.012104290341950395
  },
  "samsung": {
    "4": 0.00011181792463695517,
    "5.0-5.4": 0.004556580428955922,
    "6.2-6.4": 0.00019568136811467152,
    "7.2-7.4": 0.0006429530666624922,
    "8.2": 0.0022922674550575808,
    "9.2": 0.0012299971710065067,
    "10.1": 0.00027954481159238786,
    "11.1-11.2": 0.0057027141564847126,
    "12.0": 0.0017611323130320435,
    "13.0": 0.02009927195349269
  },
  "and_qq": {
    "10.4": 0
  },
  "baidu": {
    "7.12": 0
  },
  "kaios": {
    "2.5": 0
  }
}