{
  "ie": {
    "6": 0,
    "7": 0,
    "8": 0,
    "9": 0,
    "10": 0,
    "11": 0,
    "5.5": 0
  },
  "edge": {
    "12": 0,
    "13": 0,
    "14": 0,
    "15": 0.00011188652617697167,
    "16": 0,
    "17": 0,
    "18": 0.00007459101745131445,
    "79": 0.00003729550872565722,
    "80": 0.00022377305235394334,
    "81": 0.00007459101745131445,
    "83": 0.00007459101745131445,
    "84": 0.0029463451893269204,
    "85": 0.004885711643061096,
    "86": 0.0022750260322650906,
    "87": 0.0032447092591321785,
    "88": 0.0014172293315749744,
    "89": 0.033006525222206644,
    "90": 0.004923007151786753,
    "91": 0.7011555640423558,
    "92": 5.384688254301664,
    "93": 2.57715694845164,
    "94": 2.184920083183903
  },
  "firefox": {
    "2": 0.00007459101745131445,
    "3": 0,
    "4": 0,
    "5": 0,
    "6": 0,
    "7": 0,
    "8": 0,
    "9": 0,
    "10": 0,
    "11": 0,
    "12": 0,
    "13": 0,
    "14": 0,
    "15": 0,
    "16": 0,
    "17": 0,
    "18": 0,
    "19": 0,
    "20": 0,
    "21": 0,
    "22": 0,
    "23": 0,
    "24": 0,
    "25": 0,
    "26": 0,
    "27": 0,
    "28": 0,
    "29": 0,
    "30": 0,
    "31": 0,
    "32": 0,
    "33": 0,
    "34": 0,
    "35": 0,
    "36": 0,
    "37": 0,
    "38": 0,
    "39": 0,
    "40": 0,
    "41": 0,
    "42": 0,
    "43": 0,
    "44": 0,
    "45": 0,
    "46": 0,
    "47": 0,
    "48": 0,
    "49": 0,
    "50": 0,
    "51": 0,
    "52": 0.00007459101745131445,
    "53": 0,
    "54": 0,
    "55": 0,
    "56": 0.00067131915706183,
    "57": 0.00041025059598222947,
    "58": 0,
    "59": 0,
    "60": 0,
    "61": 0.00007459101745131445,
    "62": 0,
    "63": 0.00003729550872565722,
    "64": 0,
    "65": 0.00011188652617697167,
    "66": 0.0001864775436282861,
    "67": 0,
    "68": 0.0007459101745131444,
    "69": 0.0001491820349026289,
    "70": 0.0002983640698052578,
    "71": 0.00003729550872565722,
    "72": 0.0003729550872565722,
    "73": 0.00003729550872565722,
    "74": 0.0002610685610796006,
    "75": 0,
    "76": 0.0004848416134335439,
    "77": 0.00007459101745131445,
    "78": 0.03815330542634734,
    "79": 0.0001491820349026289,
    "80": 0.00011188652617697167,
    "81": 0.0004848416134335439,
    "82": 0.006004576904830813,
    "83": 0.0005594326308848584,
    "84": 0.0012307517879466883,
    "85": 0.0036176643463887506,
    "86": 0.0017155934013802323,
    "87": 0.006489418518264357,
    "88": 0.004811120625609781,
    "89": 0.17204418175145675,
    "90": 1.6063921518315076,
    "91": 1.8900617911988566,
    "92": 1.9168399664638784,
    "93": 0.4553035705228234,
    "94": 0.005445144273945954,
    "95": 0.0008205011919644589,
    "3.5": 0,
    "3.6": 0.00003729550872565722
  },
  "chrome": {
    "4": 0,
    "5": 0,
    "6": 0,
    "7": 0,
    "8": 0,
    "9": 0,
    "10": 0,
    "11": 0,
    "12": 0,
    "13": 0,
    "14": 0,
    "15": 0,
    "16": 0,
    "17": 0,
    "18": 0,
    "19": 0,
    "20": 0,
    "21": 0,
    "22": 0,
    "23": 0,
    "24": 0,
    "25": 0,
    "26": 0,
    "27": 0,
    "28": 0,
    "29": 0,
    "30": 0,
    "31": 0,
    "32": 0,
    "33": 0,
    "34": 0,
    "35": 0,
    "36": 0,
    "37": 0,
    "38": 0,
    "39": 0,
    "40": 0,
    "41": 0,
    "42": 0,
    "43": 0,
    "44": 0,
    "45": 0,
    "46": 0,
    "47": 0.00003729550872565722,
    "48": 0,
    "49": 0,
    "50": 0,
    "51": 0,
    "52": 0,
    "53": 0,
    "54": 0,
    "55": 0,
    "56": 0.00003729550872565722,
    "57": 0,
    "58": 0,
    "59": 0.00011188652617697167,
    "60": 0.0017528889101058895,
    "61": 0,
    "62": 0.04173367426401043,
    "63": 0,
    "64": 0.0024615035758933767,
    "65": 0,
    "66": 0.00003729550872565722,
    "67": 0,
    "68": 0.0005967281396105156,
    "69": 0.0005221371221592011,
    "70": 0.0650433672175462,
    "71": 0.0006340236483361728,
    "72": 0.00428898350345058,
    "73": 0.002349617049716405,
    "74": 0.0022004350148137762,
    "75": 0.003916028416194008,
    "76": 0.041099650615674256,
    "77": 0.0013053428053980028,
    "78": 0.017342411557430607,
    "79": 0.12986296138273845,
    "80": 0.056801059789175955,
    "81": 0.009883309812299164,
    "83": 0.24417369562687785,
    "84": 0.018573163345377296,
    "85": 0.007347215218954473,
    "86": 0.9157166257410618,
    "87": 0.07940213807692421,
    "88": 0.0929404077443378,
    "89": 0.04624643081981496,
    "90": 0.08223659674007416,
    "91": 4.615319204800081,
    "92": 28.200663263327176,
    "93": 14.164871509513338,
    "94": 10.30072114595672,
    "95": 0.06944423724717375,
    "96": 0.04363574520901895,
    "97": 0.0001864775436282861
  },
  "safari": {
    "4": 0,
    "5": 0,
    "6": 0,
    "7": 0.0011934562792210311,
    "8": 0.00007459101745131445,
    "9": 0,
    "10": 0,
    "11": 0,
    "12": 0.00003729550872565722,
    "13": 0.003654959855114408,
    "14": 0.16368998779690955,
    "15": 0.3311095264663848,
    "3.1": 0,
    "3.2": 0,
    "5.1": 0,
    "6.1": 0,
    "7.1": 0,
    "9.1": 0,
    "10.1": 0,
    "11.1": 0,
    "12.1": 0.005706212835025555,
    "13.1": 0.13616590235737452,
    "14.1": 0.5116197886985658,
    "TP": 0
  },
  "opera": {
    "9": 0,
    "11": 0,
    "12": 0,
    "15": 0,
    "16": 0,
    "17": 0,
    "18": 0,
    "19": 0,
    "20": 0,
    "21": 0,
    "22": 0,
    "23": 0,
    "24": 0,
    "25": 0,
    "26": 0,
    "27": 0,
    "28": 0,
    "29": 0,
    "30": 0,
    "31": 0,
    "32": 0,
    "33": 0,
    "34": 0,
    "35": 0,
    "36": 0,
    "37": 0,
    "38": 0,
    "39": 0,
    "40": 0,
    "41": 0,
    "42": 0,
    "43": 0,
    "44": 0,
    "45": 0,
    "46": 0.00003729550872565722,
    "47": 0,
    "48": 0.00003729550872565722,
    "49": 0,
    "50": 0,
    "51": 0,
    "52": 0,
    "53": 0,
    "54": 0,
    "55": 0,
    "56": 0,
    "57": 0,
    "58": 0.00003729550872565722,
    "60": 0,
    "62": 0,
    "63": 0.00007459101745131445,
    "64": 0.000335659578530915,
    "65": 0,
    "66": 0,
    "67": 0.0005594326308848584,
    "68": 0.0004848416134335439,
    "69": 0.0004475461047078867,
    "70": 0,
    "71": 0.00041025059598222947,
    "72": 0.0014545248403006316,
    "73": 0.0013799338228493172,
    "74": 0.0005594326308848584,
    "75": 0.023794534566969307,
    "76": 0.12792359492900426,
    "77": 3.223562705684731,
    "78": 5.588806573557186,
    "79": 1.7570287115744372,
    "80": 0.020176870220580557,
    "9.5-9.6": 0,
    "10.0-10.1": 0,
    "10.5": 0,
    "10.6": 0,
    "11.1": 0,
    "11.5": 0,
    "11.6": 0,
    "12.1": 0.00011188652617697167
  },
  "ios_saf": {
    "8": 0,
    "15": 0.4121899624359636,
    "3.2": 0,
    "4.0-4.1": 0,
    "4.2-4.3": 0,
    "5.0-5.1": 0,
    "6.0-6.1": 0.0002610685610796006,
    "7.0-7.1": 0,
    "8.1-8.4": 0.00003729550872565722,
    "9.0-9.2": 0.019915801659500954,
    "9.3": 0.00003729550872565722,
    "10.0-10.2": 0,
    "10.3": 0.0010815697530440595,
    "11.0-11.2": 0.0014172293315749744,
    "11.3-11.4": 0,
    "12.0-12.1": 0,
    "12.2-12.5": 0.03211143301279087,
    "13.0-13.1": 0.0032820047678578357,
    "13.2": 0.003990619433645323,
    "13.3": 0.010517333460635336,
    "13.4-13.7": 0.08208741470517154,
    "14.0-14.4": 0.41688919653539647,
    "14.5-14.8": 3.161764047726317
  },
  "op_mini": {
    "all": 0
  },
  "android": {
    "3": 0,
    "4": 0,
    "94": 3.3798681827539605,
    "2.1": 0,
    "2.2": 0,
    "2.3": 0,
    "4.1": 0.0004848416134335439,
    "4.2-4.3": 0.00007459101745131445,
    "4.4": 0,
    "4.4.3-4.4.4": 0
  },
  "bb": {
    "7": 0,
    "10": 0
  },
  "op_mob": {
    "10": 0.006750487079343958,
    "11": 0.006750487079343958,
    "12": 0.006750487079343958,
    "64": 0.006750487079343958,
    "11.1": 0.006750487079343958,
    "11.5": 0.006750487079343958,
    "12.1": 0.006750487079343958
  },
  "and_chr": {
    "94": 3.735331676418199
  },
  "and_ff": {
    "92": 0.04337467664793935
  },
  "ie_mob": {
    "10": 0,
    "11": 0
  },
  "and_uc": {
    "12.12": 0.0027971631544242916
  },
  "samsung": {
    "4": 0,
    "5.0-5.4": 0,
    "6.2-6.4": 0,