{
  "ie": {
    "6": 0,
    "7": 0.00006758396124465327,
    "8": 0.00006758396124465327,
    "9": 0.0004730877287125729,
    "10": 0,
    "11": 0.000912383476802819,
    "5.5": 0
  },
  "edge": {
    "12": 0,
    "13": 0,
    "14": 0,
    "15": 0.0006758396124465326,
    "16": 0.0007096315930688593,
    "17": 0.0009799674380474724,
    "18": 0.02669566469163804,
    "79": 0,
    "80": 0.004325373519657809,
    "81": 0.006859772066332306,
    "83": 0.0014530551667600452,
    "84": 0.030953454250051193,
    "85": 0.028283887780887394,
    "86": 0.5051901103037831,
    "87": 6.54422255128102,
    "88": 2.4773914753646324
  },
  "firefox": {
    "2": 0.0003379198062232663,
    "3": 0.00013516792248930654,
    "4": 0,
    "5": 0,
    "6": 0,
    "7": 0,
    "8": 0,
    "9": 0,
    "10": 0,
    "11": 0,
    "12": 0,
    "13": 0,
    "14": 0,
    "15": 0,
    "16": 0,
    "17": 0,
    "18": 0,
    "19": 0,
    "20": 0.00037171178684559296,
    "21": 0,
    "22": 0,
    "23": 0,
    "24": 0,
    "25": 0,
    "26": 0,
    "27": 0,
    "28": 0,
    "29": 0,
    "30": 0,
    "31": 0,
    "32": 0,
    "33": 0,
    "34": 0,
    "35": 0,
    "36": 0,
    "37": 0,
    "38": 0.0004730877287125729,
    "39": 0,
    "40": 0.00006758396124465327,
    "41": 0,
    "42": 0,
    "43": 0.0006758396124465326,
    "44": 0.0004730877287125729,
    "45": 0.0008785914961804924,
    "46": 0.00006758396124465327,
    "47": 0.00006758396124465327,
    "48": 0.0002027518837339598,
    "49": 0,
    "50": 0,
    "51": 0,
    "52": 0.0002027518837339598,
    "53": 0.0003041278256009397,
    "54": 0,
    "55": 0,
    "56": 0.00652185226010904,
    "57": 0.00006758396124465327,
    "58": 0,
    "59": 0,
    "60": 0,
    "61": 0,
    "62": 0,
    "63": 0,
    "64": 0.0060487645313964675,
    "65": 0.0006758396124465326,
    "66": 0.0005068797093348994,
    "67": 0.00006758396124465327,
    "68": 0.007434235736911859,
    "69": 0.0003041278256009397,
    "70": 0.0005744636705795527,
    "71": 0.0005744636705795527,
    "72": 0.012976120558973427,
    "73": 0.0004392957480902462,
    "74": 0.0007772155543135126,
    "75": 0.0007096315930688593,
    "76": 0.004460541442147116,
    "77": 0.0013178872442707386,
    "78": 0.03342026883548104,
    "79": 0.0026357744885414773,
    "80": 0.017605621904232174,
    "81": 0.015578103066892578,
    "82": 0.29649083798029385,
    "83": 1.566325885806084,
    "84": 2.4484317479712985,
    "85": 1.325490439910762,
    "86": 0.019126261032236875,
    "87": 0.010914809741011503,
    "3.5": 0.00006758396124465327,
    "3.6": 0.00006758396124465327
  },
  "chrome": {
    "4": 0,
    "5": 0.00006758396124465327,
    "6": 0,
    "7": 0,
    "8": 0.00006758396124465327,
    "9": 0,
    "10": 0.00006758396124465327,
    "11": 0,
    "12": 0,
    "13": 0,
    "14": 0,
    "15": 0,
    "16": 0,
    "17": 0,
    "18": 0,
    "19": 0,
    "20": 0,
    "21": 0,
    "22": 0,
    "23": 0,
    "24": 0,
    "25": 0.0001013759418669799,
    "26": 0,
    "27": 0,
    "28": 0,
    "29": 0,
    "30": 0,
    "31": 0,
    "32": 0,
    "33": 0,
    "34": 0,
    "35": 0,
    "36": 0,
    "37": 0,
    "38": 0,
    "39": 0,
    "40": 0,
    "41": 0,
    "42": 0,
    "43": 0,
    "44": 0,
    "45": 0,
    "46": 0,
    "47": 0.0008447995155581657,
    "48": 0.00331161410098801,
    "49": 0.001655807050494005,
    "50": 0,
    "51": 0,
    "52": 0.000642047631824206,
    "53": 0.0001013759418669799,
    "54": 0,
    "55": 0.0004730877287125729,
    "56": 0.00006758396124465327,
    "57": 0.0004055037674679196,
    "58": 0.0007434235736911859,
    "59": 0,
    "60": 0.0005068797093348994,
    "61": 0.00023654386435628644,
    "62": 0.025208817544255666,
    "63": 0.00331161410098801,
    "64": 0.0024668145854298443,
    "65": 0.001385471205515392,
    "66": 0.00006758396124465327,
    "67": 0.0003041278256009397,
    "68": 0.0020613108179619245,
    "69": 0.04244272766164225,
    "70": 0.09454996178126991,
    "71": 0.00591359660890716,
    "72": 0.03622500322713415,
    "73": 0.011252729547234767,
    "74": 0.13307281969072227,
    "75": 0.024701937834920765,
    "76": 0.052884449673941174,
    "77": 0.011624441334080362,
    "78": 0.04291581539035482,
    "79": 0.245397363279336,
    "80": 0.0461936375107205,
    "81": 0.04203722389417433,
    "83": 0.23022476397991132,
    "84": 0.15642307830074997,
    "85": 0.13486379466370557,
    "86": 6.923132029999168,
    "87": 38.68411324098211,
    "88": 17.003617769445427,
    "89": 0.2059621218930808,
    "90": 0.09194797927335077,
    "91": 0
  },
  "safari": {
    "4": 0.00006758396124465327,
    "5": 0,
    "6": 0,
    "7": 0.0001013759418669799,
    "8": 0.0010475513992921255,
    "9": 0.0008785914961804924,
    "10": 0,
    "11": 0.00006758396124465327,
    "12": 0.0010813433799144523,
    "13": 0.014023671958265552,
    "14": 0.7215939542091628,
    "3.1": 0,
    "3.2": 0,
    "5.1": 0,
    "6.1": 0,
    "7.1": 0,
    "9.1": 0,
    "10.1": 0.0010137594186697988,
    "11.1": 0.0018585589342279647,
    "12.1": 0.012063737082170609,
    "13.1": 0.17916508125957578,
    "TP": 0
  },
  "opera": {
    "9": 0.00006758396124465327,
    "11": 0,
    "12": 0,
    "15": 0,
    "16": 0,
    "17": 0,
    "18": 0,
    "19": 0,
    "20": 0,
    "21": 0,
    "22": 0,
    "23": 0,
    "24": 0,
    "25": 0,
    "26": 0,
    "27": 0,
    "28": 0,
    "29": 0,
    "30": 0,
    "31": 0,
    "32": 0,
    "33": 0,
    "34": 0,
    "35": 0,
    "36": 0,
    "37": 0,
    "38": 0,
    "39": 0,
    "40": 0,
    "41": 0,
    "42": 0,
    "43": 0,
    "44": 0,
    "45": 0,
    "46": 0,
    "47": 0,
    "48": 0.0005744636705795527,
    "49": 0,
    "50": 0,
    "51": 0,
    "52": 0,
    "53": 0,
    "54": 0,
    "55": 0,
    "56": 0,
    "57": 0,
    "58": 0.00016895990311163316,
    "60": 0.0015544311086270251,
    "62": 0.0001013759418669799,
    "63": 0.00006758396124465327,
    "64": 0,
    "65": 0.00006758396124465327,
    "66": 0.06967906404323752,
    "67": 0.0009461754574251458,
    "68": 0.002095102798584251,
    "69": 0.038826985735053304,
    "70": 0.0005744636705795527,
    "71": 1.4915780246694976,
    "72": 4.306483802489929,
    "9.5-9.6": 0.00006758396124465327,
    "10.0-10.1": 0,
    "10.5": 0,
    "10.6": 0,
    "11.1": 0,
    "11.5": 0,
    "11.6": 0,
    "12.1": 0.00006758396124465327
  },
  "ios_saf": {
    "8": 0,
    "3.2": 0,
    "4.0-4.1": 0,
    "4.2-4.3": 0,
    "5.0-5.1": 0,
    "6.0-6.1": 0.0002027518837339598,
    "7.0-7.1": 0,
    "8.1-8.4": 0.0002703358449786131,
    "9.0-9.2": 0.007805947523757452,
    "9.3": 0,
    "10.0-10.2": 0.00016895990311163316,
    "10.3": 0.0026695664691638037,
    "11.0-11.2": 0.001385471205515392,
    "11.3-11.4": 0.0010813433799144523,
    "12.0-12.1": 0.004021245694056869,
    "12.2-12.4": 0.0900894203391228,
    "13.0-13.1": 0.024870897738032402,
    "13.2": 0.005744636705795528,
    "13.3": 0.0590007981665823,
    "13.4-13.7": 0.29618671015469294,
    "14.0-14.4": 4.099474129197556
  },
  "op_mini": {
    "all": 0
  },
  "android": {
    "3": 0,
    "4": 0,
    "81": 2.769523147844646,
    "2.1": 0,
    "2.2": 0,
    "2.3": 0,
    "4.1": 0.0004730877287125729,
    "4.2-4.3": 0,
    "4.4": 0.0001013759418669799,
    "4.4.3-4.4.4": 0
  },
  "bb": {
    "7": 0,
    "10": 0
  },
  "op_mob": {
    "10": 0.006352892356997407,
    "11": 0.006352892356997407,
    "12": 0.006352892356997407,
    "59": 0.006352892356997407,
    "11.1": 0.006352892356997407,
    "11.5": 0.006352892356997407,
    "12.1": 0.006352892356997407
  },
  "and_chr": {
    "88": 4.376534578320011
  },
  "and_ff": {
    "83": 0.050890722817223906
  },
  "ie_mob": {
    "10": 0,
    "11": 0
  },
  "and_uc": {
    "12.12": 0.005981180570151814
  },
  "samsung": {
    "4": 0,
    "5.0-5.4": 0.0061163484926411195,
    "6.2-6.4": 0,
    "7.2-7.4": 0.0007096315930688593,
    "8.2": 0.0001013759418669799,
    "9.2": 0.0003379198062232663,
    "10.1": 0.0008110075349358392,
    "11.1-11.2": 0.0051025890739713215,