{
  "ie": {
    "6": 0,
    "7": 0.0000527802804427421,
    "8": 0.0001055605608854842,
    "9": 0.0010028253284121,
    "10": 0.0002111211217709684,
    "11": 0.0041696421549766265,
    "5.5": 0
  },
  "edge": {
    "12": 0.0012139464501830684,
    "13": 0.0003694619630991947,
    "14": 0,
    "15": 0.0019000900959387159,
    "16": 0.0015834084132822631,
    "17": 0.03879350612541545,
    "18": 0.984616131659354,
    "79": 0.0000527802804427421,
    "80": 0.0002111211217709684,
    "81": 0.05436368885602436,
    "83": 0.9521034789066247,
    "84": 3.145071351022116,
    "85": 2.138445842418139
  },
  "firefox": {
    "2": 0,
    "3": 0,
    "4": 0,
    "5": 0,
    "6": 0,
    "7": 0,
    "8": 0,
    "9": 0,
    "10": 0,
    "11": 0,
    "12": 0,
    "13": 0,
    "14": 0,
    "15": 0,
    "16": 0,
    "17": 0,
    "18": 0,
    "19": 0,
    "20": 0,
    "21": 0,
    "22": 0,
    "23": 0,
    "24": 0,
    "25": 0,
    "26": 0,
    "27": 0,
    "28": 0,
    "29": 0,
    "30": 0,
    "31": 0,
    "32": 0,
    "33": 0,
    "34": 0,
    "35": 0,
    "36": 0,
    "37": 0,
    "38": 0.0019000900959387159,
    "39": 0,
    "40": 0.0004222422435419368,
    "41": 0,
    "42": 0,
    "43": 0.000527802804427421,
    "44": 0.008075382907739542,
    "45": 0.003061256265679042,
    "46": 0.0004222422435419368,
    "47": 0.0002639014022137105,
    "48": 0.000527802804427421,
    "49": 0.0001055605608854842,
    "50": 0.0003694619630991947,
    "51": 0,
    "52": 0.001952870376381458,
    "53": 0.0002111211217709684,
    "54": 0.0005805830848701632,
    "55": 0.0000527802804427421,
    "56": 0.004803005520289531,
    "57": 0.00015834084132822633,
    "58": 0,
    "59": 0.0001055605608854842,
    "60": 0.0018473098154959736,
    "61": 0.0010028253284121,
    "62": 0.0002639014022137105,
    "63": 0.0000527802804427421,
    "64": 0.00031668168265645266,
    "65": 0.0010028253284121,
    "66": 0.0006861436457556474,
    "67": 0.00031668168265645266,
    "68": 0.062386291483321164,
    "69": 0.0008972647675266158,
    "70": 0.001055605608854842,
    "71": 0.0008444844870838736,
    "72": 0.007389239261983894,
    "73": 0.03842404416231625,
    "74": 0.003483498509220979,
    "75": 0.013564532073784722,
    "76": 0.04634108622872757,
    "77": 0.19127573632449738,
    "78": 2.09226309703074,
    "79": 2.042966315097219,
    "80": 1.7679282737100894,
    "81": 0.2525008616380782,
    "82": 0.001530628132839521,
    "83": 0.00015834084132822633,
    "3.5": 0,
    "3.6": 0
  },
  "chrome": {
    "4": 0,
    "5": 0,
    "6": 0,
    "7": 0,
    "8": 0,
    "9": 0,
    "10": 0,
    "11": 0.0000527802804427421,
    "12": 0,
    "13": 0,
    "14": 0,
    "15": 0,
    "16": 0,
    "17": 0,
    "18": 0,
    "19": 0,
    "20": 0,
    "21": 0,
    "22": 0,
    "23": 0,
    "24": 0,
    "25": 0,
    "26": 0,
    "27": 0,
    "28": 0,
    "29": 0.0000527802804427421,
    "30": 0,
    "31": 0,
    "32": 0,
    "33": 0.0000527802804427421,
    "34": 0,
    "35": 0,
    "36": 0,
    "37": 0.0002111211217709684,
    "38": 0,
    "39": 0,
    "40": 0,
    "41": 0,
    "42": 0,
    "43": 0,
    "44": 0,
    "45": 0.0002639014022137105,
    "46": 0.0002639014022137105,
    "47": 0.0029029154243508156,
    "48": 0.02179825582285249,
    "49": 0.01182278281917423,
    "50": 0.0002111211217709684,
    "51": 0.0001055605608854842,
    "52": 0,
    "53": 0.02053152909222668,
    "54": 0.0008972647675266158,
    "55": 0.0020056506568242,
    "56": 0.0008444844870838736,
    "57": 0.0015834084132822631,
    "58": 0.03335713723981301,
    "59": 0.0007917042066411316,
    "60": 0.0014250675719540368,
    "61": 0.0008444844870838736,
    "62": 0.03858238500364448,
    "63": 0.03657673434682028,
    "64": 0.00828650402951051,
    "65": 0.0064391942140145375,
    "66": 0.044757677815445304,
    "67": 0.0042752027158621106,
    "68": 0.0031140365461217842,
    "69": 0.014778478523967789,
    "70": 0.19723990801452726,
    "71": 0.012245025062716169,
    "72": 0.021428793859753294,
    "73": 0.012086684221387943,
    "74": 0.05531373390399373,
    "75": 0.01557018273060892,
    "76": 0.12545872661239799,
    "77": 0.04470489753500256,
    "78": 0.07014499270840426,
    "79": 0.3778540276895907,
    "80": 0.15849918216955453,
    "81": 0.11258033818436891,
    "83": 13.887811291496515,
    "84": 30.3061731288203,
    "85": 16.785818149766158,
    "86": 0.2546120728557879,
    "87": 0.09046540067885997,
    "88": 0
  },
  "safari": {
    "4": 0,
    "5": 0,
    "6": 0,
    "7": 0,
    "8": 0,
    "9": 0.0033779379483354945,
    "10": 0.0011083858892975843,
    "11": 0.0002639014022137105,
    "12": 0.007600360383754863,
    "13": 0.09511006535782127,
    "14": 0.09642957236888983,
    "3.1": 0,
    "3.2": 0,
    "5.1": 0,
    "6.1": 0,
    "7.1": 0.0000527802804427421,
    "9.1": 0,
    "10.1": 0.003430718228778237,
    "11.1": 0.0064391942140145375,
    "12.1": 0.04734391155713967,
    "13.1": 1.0413549331353018,
    "TP": 0
  },
  "opera": {
    "9": 0,
    "11": 0,
    "12": 0,
    "15": 0,
    "16": 0,
    "17": 0,
    "18": 0,
    "19": 0,
    "20": 0,
    "21": 0,
    "22": 0,
    "23": 0,
    "24": 0,
    "25": 0,
    "26": 0,
    "27": 0,
    "28": 0,
    "29": 0,
    "30": 0,
    "31": 0,
    "32": 0,
    "33": 0,
    "34": 0,
    "35": 0,
    "36": 0.0001055605608854842,
    "37": 0.0000527802804427421,
    "38": 0,
    "39": 0,
    "40": 0,
    "41": 0,
    "42": 0,
    "43": 0,
    "44": 0.0001055605608854842,
    "45": 0,
    "46": 0,
    "47": 0,
    "48": 0.0010028253284121,
    "49": 0.0002639014022137105,
    "50": 0,
    "51": 0,
    "52": 0,
    "53": 0.0000527802804427421,
    "54": 0,
    "55": 0.0001055605608854842,
    "56": 0.00015834084132822633,
    "57": 0,
    "58": 0.0000527802804427421,
    "60": 0.0001055605608854842,
    "62": 0.0014778478523967788,
    "63": 0,
    "64": 0.0004222422435419368,
    "65": 0.0008972647675266158,
    "66": 0.04317426940216304,
    "67": 0.003061256265679042,
    "68": 3.717104030460555,
    "69": 0.381284745918369,
    "70": 0.6713123869512369,
    "71": 0.24579776602184997,
    "9.5-9.6": 0,
    "10.0-10.1": 0,
    "10.5": 0,
    "10.6": 0,
    "11.1": 0,
    "11.5": 0,
    "11.6": 0,
    "12.1": 0.0002639014022137105
  },
  "ios_saf": {
    "8": 0,
    "3.2": 0,
    "4.0-4.1": 0,
    "4.2-4.3": 0.00015834084132822633,
    "5.0-5.1": 0,
    "6.0-6.1": 0,
    "7.0-7.1": 0,
    "8.1-8.4": 0.000527802804427421,
    "9.0-9.2": 0.019370362922486353,
    "9.3": 0,
    "10.0-10.2": 0.002111211217709684,
    "10.3": 0.013775653195555689,
    "11.0-11.2": 0.0062280730922435685,
    "11.3-11.4": 0.041221399025781584,
    "12.0-12.1": 0.019106461520272643,
    "12.2-12.4": 0.1671023678817215,
    "13.0-13.1": 0.04697444959404047,
    "13.2": 0.03267099359405736,
    "13.3": 0.2715017625974654,
    "13.4-13.7": 3.2537459484537226,
    "14.0": 0.4233506294312344
  },
  "op_mini": {
    "all": 0
  },
  "android": {
    "3": 0,
    "4": 0,
    "81": 7.361582395031897,
    "2.1": 0,
    "2.2": 0,
    "2.3": 0,
    "4.1": 0.001055605608854842,
    "4.2-4.3": 0,
    "4.4": 0.0000527802804427421,
    "4.4.3-4.4.4": 0
  },
  "bb": {
    "7": 0,
    "10": 0
  },
  "op_mob": {
    "10": 0.006069732250915342,
    "11": 0.006069732250915342,
    "12": 0.006069732250915342,
    "59": 0.006069732250915342,
    "11.1": 0.006069732250915342,
    "11.5": 0.006069732250915342,
    "12.1": 0.006069732250915342
  },
  "and_chr": {
    "85": 4.467586838075905
  },
  "and_ff": {
    "79": 0.06032786054605422
  },
  "ie_mob": {
    "10": 0,
    "11": 0
  },
  "and_uc": {
    "12.12": 0.019845385446471034
  },
  "samsung": {
    "4": 0.0001055605608854842,
    "5.0-5.4": 0.010239374405891968,
    "6.2-6.4": 0.0007389239261983894,
    "7.2-7.4": 0.004116861874533884,
    "8.2": 0.0002111211217709684,
    "9.2": 0.0037473999114346892,
    "10.1": 0.001530628132839521,
    "11.1-11.2": 0.019159241800715387,
    "12.0": 0.15332671468616582
  },
  "and_qq": {
    "10.4": 0
  },