{
  "ie": {
    "6": 0,
    "7": 0.00005565462078054492,
    "8": 0.00005565462078054492,
    "9": 0.001613984002635803,
    "10": 0.00011130924156108984,
    "11": 0.007290755322251386,
    "5.5": 0
  },
  "edge": {
    "12": 0.0005565462078054493,
    "13": 0.00016696386234163477,
    "14": 0,
    "15": 0.0019479117273190725,
    "16": 0.001447020140294168,
    "17": 0.014971092989966584,
    "18": 0.6266710299889359,
    "79": 0.00005565462078054492,
    "80": 0.0007791646909276291,
    "81": 0.008682120841765008,
    "83": 0.003895823454638145,
    "84": 0.6773723895200123,
    "85": 3.187674059826491,
    "86": 4.137197544963368
  },
  "firefox": {
    "2": 0,
    "3": 0,
    "4": 0,
    "5": 0,
    "6": 0,
    "7": 0,
    "8": 0,
    "9": 0,
    "10": 0,
    "11": 0,
    "12": 0,
    "13": 0,
    "14": 0,
    "15": 0,
    "16": 0,
    "17": 0,
    "18": 0,
    "19": 0,
    "20": 0.00038958234546381454,
    "21": 0,
    "22": 0,
    "23": 0,
    "24": 0,
    "25": 0,
    "26": 0,
    "27": 0,
    "28": 0,
    "29": 0,
    "30": 0,
    "31": 0,
    "32": 0,
    "33": 0,
    "34": 0,
    "35": 0,
    "36": 0,
    "37": 0,
    "38": 0.003227968005271606,
    "39": 0,
    "40": 0.0005008915870249043,
    "41": 0,
    "42": 0,
    "43": 0.002393148693563432,
    "44": 0.0071794460806902955,
    "45": 0.002226184831221797,
    "46": 0.0004452369662443594,
    "47": 0,
    "48": 0.00038958234546381454,
    "49": 0.00005565462078054492,
    "50": 0.00011130924156108984,
    "51": 0,
    "52": 0.0026714217974661563,
    "53": 0.00005565462078054492,
    "54": 0.00005565462078054492,
    "55": 0.0002226184831221797,
    "56": 0.0038401688338576,
    "57": 0.00016696386234163477,
    "58": 0.00005565462078054492,
    "59": 0.0004452369662443594,
    "60": 0.001447020140294168,
    "61": 0.0008904739324887188,
    "62": 0.00033392772468326953,
    "63": 0.00005565462078054492,
    "64": 0.0067898637352264805,
    "65": 0.000723510070147084,
    "66": 0.0015583293818552581,
    "67": 0.00011130924156108984,
    "68": 0.05804776947410836,
    "69": 0.0007791646909276291,
    "70": 0.0009461285532692637,
    "71": 0.001447020140294168,
    "72": 0.006233317527421033,
    "73": 0.0008348193117081739,
    "74": 0.0025601125559050666,
    "75": 0.0023374940727828868,
    "76": 0.00823688387552065,
    "77": 0.011576161122353344,
    "78": 0.03990436309965071,
    "79": 0.5762479435617622,
    "80": 1.8795678530005633,
    "81": 2.479969901981082,
    "82": 2.0060151514139615,
    "83": 0.034060627917693494,
    "84": 0.0011130924156108985,
    "3.5": 0,
    "3.6": 0
  },
  "chrome": {
    "4": 0,
    "5": 0,
    "6": 0,
    "7": 0,
    "8": 0,
    "9": 0,
    "10": 0,
    "11": 0,
    "12": 0,
    "13": 0,
    "14": 0,
    "15": 0,
    "16": 0,
    "17": 0,
    "18": 0,
    "19": 0,
    "20": 0,
    "21": 0,
    "22": 0,
    "23": 0,
    "24": 0,
    "25": 0,
    "26": 0,
    "27": 0,
    "28": 0,
    "29": 0.00005565462078054492,
    "30": 0,
    "31": 0,
    "32": 0,
    "33": 0,
    "34": 0,
    "35": 0,
    "36": 0,
    "37": 0.0002226184831221797,
    "38": 0,
    "39": 0,
    "40": 0,
    "41": 0,
    "42": 0,
    "43": 0,
    "44": 0,
    "45": 0.00038958234546381454,
    "46": 0.0004452369662443594,
    "47": 0.0027827310390272464,
    "48": 0.026380290249978296,
    "49": 0.012077052709378248,
    "50": 0.001447020140294168,
    "51": 0,
    "52": 0.00011130924156108984,
    "53": 0.010240450223620266,
    "54": 0.0006678554493665391,
    "55": 0.0026157671766856116,
    "56": 0.0002226184831221797,
    "57": 0.0007791646909276291,
    "58": 0.025990707904514482,
    "59": 0.0005565462078054493,
    "60": 0.000723510070147084,
    "61": 0.003005349522149426,
    "62": 0.029775222117591534,
    "63": 0.03355973633066859,
    "64": 0.011464851880792255,
    "65": 0.004730642766346319,
    "66": 0.001447020140294168,
    "67": 0.001447020140294168,
    "68": 0.0022818394520023417,
    "69": 0.013579727470452961,
    "70": 0.17303021600671417,
    "71": 0.006455936010543212,
    "72": 0.012466635054842065,
    "73": 0.012132707330158794,
    "74": 0.09082834111384933,
    "75": 0.013023181262647513,
    "76": 0.06021829968454961,
    "77": 0.02181661134597361,
    "78": 0.04302102186336123,
    "79": 0.3172313384491061,
    "80": 0.10841520128050151,
    "81": 0.19679473908000683,
    "83": 0.333872070062489,
    "84": 7.680337667715199,
    "85": 24.144087587016,
    "86": 28.58087395564104,
    "87": 0.2740433527234032,
    "88": 0.1847176863706286,
    "89": 0.0005565462078054493
  },
  "safari": {
    "4": 0,
    "5": 0,
    "6": 0,
    "7": 0,
    "8": 0.00005565462078054492,
    "9": 0.003227968005271606,
    "10": 0.00033392772468326953,
    "11": 0.0002226184831221797,
    "12": 0.007235100701470841,
    "13": 0.03984870847887017,
    "14": 0.5947809322816836,
    "3.1": 0,
    "3.2": 0,
    "5.1": 0,
    "6.1": 0,
    "7.1": 0.00005565462078054492,
    "9.1": 0,
    "10.1": 0.0031723133844910605,
    "11.1": 0.004897606628687954,
    "12.1": 0.08682120841765009,
    "13.1": 0.7871233016992468,
    "TP": 0
  },
  "opera": {
    "9": 0,
    "11": 0,
    "12": 0,
    "15": 0,
    "16": 0,
    "17": 0,
    "18": 0,
    "19": 0,
    "20": 0,
    "21": 0,
    "22": 0,
    "23": 0,
    "24": 0,
    "25": 0,
    "26": 0,
    "27": 0,
    "28": 0,
    "29": 0,
    "30": 0,
    "31": 0,
    "32": 0,
    "33": 0,
    "34": 0,
    "35": 0,
    "36": 0,
    "37": 0,
    "38": 0,
    "39": 0,
    "40": 0,
    "41": 0,
    "42": 0,
    "43": 0,
    "44": 0,
    "45": 0,
    "46": 0,
    "47": 0,
    "48": 0.0005565462078054493,
    "49": 0,
    "50": 0,
    "51": 0,
    "52": 0,
    "53": 0,
    "54": 0,
    "55": 0.00005565462078054492,
    "56": 0.00005565462078054492,
    "57": 0,
    "58": 0.00011130924156108984,
    "60": 0.00016696386234163477,
    "62": 0.00005565462078054492,
    "63": 0.0005008915870249043,
    "64": 0.00011130924156108984,
    "65": 0.0007791646909276291,
    "66": 0.00011130924156108984,
    "67": 0.0009461285532692637,
    "68": 1.3604215503596402,
    "69": 0.0020592209688801624,
    "70": 0.7016934588011104,
    "71": 3.5748076019759614,
    "72": 0.2786070316274079,
    "9.5-9.6": 0,
    "10.0-10.1": 0,
    "10.5": 0,
    "10.6": 0,
    "11.1": 0,
    "11.5": 0,
    "11.6": 0,
    "12.1": 0.00005565462078054492
  },
  "ios_saf": {
    "8": 0,
    "14": 1.0603874897317225,
    "3.2": 0,
    "4.0-4.1": 0,
    "4.2-4.3": 0.00005565462078054492,
    "5.0-5.1": 0,
    "6.0-6.1": 0,
    "7.0-7.1": 0,
    "8.1-8.4": 0.0013357108987330781,
    "9.0-9.2": 0.05187010656746787,
    "9.3": 0,
    "10.0-10.2": 0.00038958234546381454,
    "10.3": 0.009127357808009367,
    "11.0-11.2": 0.003061004142929971,
    "11.3-11.4": 0.013190145124989148,
    "12.0-12.1": 0.013190145124989148,
    "12.2-12.4": 0.12978657566023077,
    "13.0-13.1": 0.04624898986863283,
    "13.2": 0.018588643340702007,
    "13.3": 0.1507683676944962,
    "13.4-13.7": 2.0527093782488386
  },
  "op_mini": {
    "all": 0
  },
  "android": {
    "3": 0,
    "4": 0,
    "81": 4.974076077640422,
    "2.1": 0,
    "2.2": 0,
    "2.3": 0,
    "4.1": 0.0006122008285859942,
    "4.2-4.3": 0.00005565462078054492,
    "4.4": 0,
    "4.4.3-4.4.4": 0
  },
  "bb": {
    "7": 0,
    "10": 0
  },
  "op_mob": {
    "10": 0.006233317527421033,
    "11": 0.006233317527421033,
    "12": 0.006233317527421033,
    "59": 0.006233317527421033,
    "11.1": 0.006233317527421033,
    "11.5": 0.006233317527421033,
    "12.1": 0.006233317527421033
  },
  "and_chr": {
    "86": 4.356142823114032
  },
  "and_ff": {
    "82": 0.059383480372841434
  },
  "ie_mob": {
    "10": 0,
    "11": 0
  },
  "and_uc": {
    "12.12": 0.020091318101776716
  },
  "samsung": {
    "4": 0,
    "5.0-5.4": 0.010463068706742447,
    "6.2-6.4": 0.0008348193117081739,
    "7.2-7.4": 0.0026714217974661563,
    "8.2": 0.00027827310390272464,
    "9.2": 0.003784514213077055,
    "10.1": 0.0007791646909276291,