{
  "ie": {
    "6": 0,
    "7": 0,
    "8": 0.00010808240202330257,
    "9": 0.0010267828192213745,
    "10": 0.00005404120101165129,
    "11": 0.006809191327468062,
    "5.5": 0
  },
  "edge": {
    "12": 0.0005404120101165129,
    "13": 0.00016212360303495383,
    "14": 0,
    "15": 0.0014050712263029333,
    "16": 0.002323771643501005,
    "17": 0.009457210177038974,
    "18": 0.49166684680400335,
    "79": 0.00005404120101165129,
    "80": 0.0009187004171980718,
    "81": 0.004161172477897149,
    "83": 0.003620760467780636,
    "84": 0.05933723871079311,
    "85": 2.7441041049696286,
    "86": 4.281468191349084,
    "87": 1.4879163874537948
  },
  "firefox": {
    "2": 0,
    "3": 0,
    "4": 0,
    "5": 0,
    "6": 0,
    "7": 0,
    "8": 0,
    "9": 0,
    "10": 0,
    "11": 0,
    "12": 0,
    "13": 0,
    "14": 0,
    "15": 0,
    "16": 0,
    "17": 0,
    "18": 0,
    "19": 0,
    "20": 0.00037828840708155895,
    "21": 0,
    "22": 0,
    "23": 0,
    "24": 0,
    "25": 0,
    "26": 0,
    "27": 0,
    "28": 0,
    "29": 0,
    "30": 0,
    "31": 0,
    "32": 0,
    "33": 0,
    "34": 0,
    "35": 0,
    "36": 0,
    "37": 0,
    "38": 0.0026480188495709126,
    "39": 0,
    "40": 0.00037828840708155895,
    "41": 0,
    "42": 0,
    "43": 0.00253993644754761,
    "44": 0.007727891744666134,
    "45": 0.00253993644754761,
    "46": 0.0004323296080932103,
    "47": 0.00005404120101165129,
    "48": 0.0005944532111281642,
    "49": 0.00005404120101165129,
    "50": 0.00010808240202330257,
    "51": 0,
    "52": 0.0022156892414777027,
    "53": 0.00005404120101165129,
    "54": 0.00005404120101165129,
    "55": 0.00021616480404660515,
    "56": 0.004485419683967057,
    "57": 0.00021616480404660515,
    "58": 0.00005404120101165129,
    "59": 0.0004323296080932103,
    "60": 0.0006484944121398153,
    "61": 0.0007025356131514667,
    "62": 0.00037828840708155895,
    "63": 0.00005404120101165129,
    "64": 0.006593026523421457,
    "65": 0.0009187004171980718,
    "66": 0.0017833596333844924,
    "67": 0.00005404120101165129,
    "68": 0.0440435788244958,
    "69": 0.0005944532111281642,
    "70": 0.0009187004171980718,
    "71": 0.001134865221244677,
    "72": 0.004863708091048615,
    "73": 0.0007025356131514667,
    "74": 0.0021076068394544002,
    "75": 0.0021616480404660515,
    "76": 0.0042152136789088005,
    "77": 0.007998097749724391,
    "78": 0.05144722336309202,
    "79": 0.09143771211171398,
    "80": 1.3388707550636605,
    "81": 2.4081299582801927,
    "82": 2.150677676660686,
    "83": 0.9509630142020276,
    "84": 0.005241996498130174,
    "85": 0.0011889064222563284,
    "3.5": 0,
    "3.6": 0
  },
  "chrome": {
    "4": 0,
    "5": 0,
    "6": 0,
    "7": 0,
    "8": 0,
    "9": 0,
    "10": 0,
    "11": 0,
    "12": 0,
    "13": 0,
    "14": 0,
    "15": 0,
    "16": 0,
    "17": 0,
    "18": 0,
    "19": 0,
    "20": 0,
    "21": 0,
    "22": 0,
    "23": 0,
    "24": 0,
    "25": 0.00010808240202330257,
    "26": 0,
    "27": 0,
    "28": 0,
    "29": 0.00005404120101165129,
    "30": 0,
    "31": 0,
    "32": 0,
    "33": 0,
    "34": 0,
    "35": 0,
    "36": 0,
    "37": 0.00021616480404660515,
    "38": 0,
    "39": 0,
    "40": 0,
    "41": 0,
    "42": 0,
    "43": 0,
    "44": 0,
    "45": 0.00037828840708155895,
    "46": 0.00032424720606990767,
    "47": 0.002864183653617518,
    "48": 0.02685847690279069,
    "49": 0.011780981820539979,
    "50": 0.0012969888242796307,
    "51": 0,
    "52": 0.0007025356131514667,
    "53": 0.008106180151747694,
    "54": 0.0004863708091048616,
    "55": 0.00253993644754761,
    "56": 0.00032424720606990767,
    "57": 0.0008646592161864206,
    "58": 0.02015736797734593,
    "59": 0.0004863708091048616,
    "60": 0.0009187004171980718,
    "61": 0.0030263072566524716,
    "62": 0.026209982490650874,
    "63": 0.025885735284580963,
    "64": 0.009457210177038974,
    "65": 0.00507987289509522,
    "66": 0.0015131536283262358,
    "67": 0.001351030025291282,
    "68": 0.0017293184323728412,
    "69": 0.0544735306197445,
    "70": 0.15704373013985862,
    "71": 0.005728367307235036,
    "72": 0.01059207539828365,
    "73": 0.014429000670110893,
    "74": 0.08014310110027885,
    "75": 0.009457210177038974,
    "76": 0.04988002853375413,
    "77": 0.01296988824279631,
    "78": 0.03972028274356369,
    "79": 0.2980372235792568,
    "80": 0.1047318475605802,
    "81": 0.19092756317416398,
    "83": 0.3537537018222693,
    "84": 0.384016774388794,
    "85": 21.32935950368561,
    "86": 33.75872765396338,
    "87": 5.597371435982793,
    "88": 0.2468061650202114,
    "89": 0.002269730442489354,
    "90": 0
  },
  "safari": {
    "4": 0,
    "5": 0,
    "6": 0,
    "7": 0,
    "8": 0.00010808240202330257,
    "9": 0.00253993644754761,
    "10": 0.00032424720606990767,
    "11": 0.00027020600505825643,
    "12": 0.00670110892544476,
    "13": 0.03561315146667819,
    "14": 0.7104796697001794,
    "3.1": 0,
    "3.2": 0,
    "5.1": 0,
    "6.1": 0,
    "7.1": 0.00005404120101165129,
    "9.1": 0,
    "10.1": 0.004107131276885498,
    "11.1": 0.006052614513304943,
    "12.1": 0.06166101035429411,
    "13.1": 0.5849419597501135,
    "TP": 0
  },
  "opera": {
    "9": 0,
    "11": 0,
    "12": 0,
    "15": 0,
    "16": 0,
    "17": 0,
    "18": 0,
    "19": 0,
    "20": 0,
    "21": 0,
    "22": 0,
    "23": 0,
    "24": 0,
    "25": 0,
    "26": 0,
    "27": 0,
    "28": 0,
    "29": 0,
    "30": 0,
    "31": 0,
    "32": 0,
    "33": 0,
    "34": 0,
    "35": 0,
    "36": 0,
    "37": 0,
    "38": 0,
    "39": 0,
    "40": 0,
    "41": 0,
    "42": 0,
    "43": 0,
    "44": 0,
    "45": 0,
    "46": 0,
    "47": 0,
    "48": 0.00027020600505825643,
    "49": 0,
    "50": 0,
    "51": 0,
    "52": 0,
    "53": 0,
    "54": 0,
    "55": 0.00005404120101165129,
    "56": 0.00005404120101165129,
    "57": 0,
    "58": 0.00010808240202330257,
    "60": 0.00016212360303495383,
    "62": 0.00005404120101165129,
    "63": 0.0004863708091048616,
    "64": 0,
    "65": 0.0004323296080932103,
    "66": 0.1377510213786991,
    "67": 0.0008106180151747694,
    "68": 0.6004517844404574,
    "69": 0.0011889064222563284,
    "70": 0.4404898294459696,
    "71": 4.317513672423856,
    "72": 0.4936663712414345,
    "9.5-9.6": 0,
    "10.0-10.1": 0,
    "10.5": 0,
    "10.6": 0,
    "11.1": 0,
    "11.5": 0,
    "11.6": 0,
    "12.1": 0.00005404120101165129
  },
  "ios_saf": {
    "8": 0,
    "14": 1.0823371738613519,
    "3.2": 0,
    "4.0-4.1": 0,
    "4.2-4.3": 0.00005404120101165129,
    "5.0-5.1": 0,
    "6.0-6.1": 0.00021616480404660515,
    "7.0-7.1": 0,
    "8.1-8.4": 0.001351030025291282,
    "9.0-9.2": 0.05831045589157173,
    "9.3": 0,
    "10.0-10.2": 0.00037828840708155895,
    "10.3": 0.012159270227621538,
    "11.0-11.2": 0.003620760467780636,
    "11.3-11.4": 0.009349127775015672,
    "12.0-12.1": 0.01469920667516915,
    "12.2-12.4": 0.11127083288299,
    "13.0-13.1": 0.04939365772464927,
    "13.2": 0.009565292579062277,
    "13.3": 0.12980696482998638,
    "13.4-13.7": 1.5142884935474805
  },
  "op_mini": {
    "all": 0
  },
  "android": {
    "3": 0,
    "4": 0,
    "81": 4.341994336482134,
    "2.1": 0,
    "2.2": 0,
    "2.3": 0,
    "4.1": 0.0005404120101165129,
    "4.2-4.3": 0.00005404120101165129,
    "4.4": 0,
    "4.4.3-4.4.4": 0
  },
  "bb": {
    "7": 0,
    "10": 0
  },
  "op_mob": {
    "10": 0.005998573312293292,
    "11": 0.005998573312293292,
    "12": 0.005998573312293292,
    "59": 0.005998573312293292,
    "11.1": 0.005998573312293292,
    "11.5": 0.005998573312293292,
    "12.1": 0.005998573312293292
  },
  "and_chr": {
    "87": 4.269957415533603
  },
  "and_ff": {
    "83": 0.054635654222779446
  },
  "ie_mob": {
    "10": 0,
    "11": 0
  },
  "and_uc": {
    "12.12": 0.02021140917835758
  },
  "samsung": {
    "4": 0,
    "5.0-5.4": 0.009943580986143835,
    "6.2-6.4": 0.0007025356131514667,
    "7.2-7.4": 0.0012429476232679794,
    "8.2": 0.00037828840708155895,